#
# TABLE STRUCTURE FOR: communities
#

DROP TABLE IF EXISTS `communities`;

CREATE TABLE `communities` (
  `id` bigint(20) unsigned NOT NULL AUTO_INCREMENT,
  `name` varchar(150) COLLATE utf8mb4_unicode_ci DEFAULT NULL,
  `admin_user_id` bigint(20) unsigned NOT NULL,
  UNIQUE KEY `id` (`id`),
  KEY `communities_name_idx` (`name`),
  KEY `admin_user_id` (`admin_user_id`),
  CONSTRAINT `communities_ibfk_1` FOREIGN KEY (`admin_user_id`) REFERENCES `users` (`id`)
) ENGINE=InnoDB AUTO_INCREMENT=21 DEFAULT CHARSET=utf8mb4 COLLATE=utf8mb4_unicode_ci;

INSERT INTO `communities` (`id`, `name`, `admin_user_id`) VALUES ('1', 'et', '201');
INSERT INTO `communities` (`id`, `name`, `admin_user_id`) VALUES ('2', 'officia', '202');
INSERT INTO `communities` (`id`, `name`, `admin_user_id`) VALUES ('3', 'voluptatem', '205');
INSERT INTO `communities` (`id`, `name`, `admin_user_id`) VALUES ('4', 'molestias', '206');
INSERT INTO `communities` (`id`, `name`, `admin_user_id`) VALUES ('5', 'vel', '208');
INSERT INTO `communities` (`id`, `name`, `admin_user_id`) VALUES ('6', 'assumenda', '209');
INSERT INTO `communities` (`id`, `name`, `admin_user_id`) VALUES ('7', 'autem', '211');
INSERT INTO `communities` (`id`, `name`, `admin_user_id`) VALUES ('8', 'sit', '212');
INSERT INTO `communities` (`id`, `name`, `admin_user_id`) VALUES ('9', 'adipisci', '217');
INSERT INTO `communities` (`id`, `name`, `admin_user_id`) VALUES ('10', 'aspernatur', '218');
INSERT INTO `communities` (`id`, `name`, `admin_user_id`) VALUES ('11', 'corrupti', '220');
INSERT INTO `communities` (`id`, `name`, `admin_user_id`) VALUES ('12', 'et', '221');
INSERT INTO `communities` (`id`, `name`, `admin_user_id`) VALUES ('13', 'voluptas', '224');
INSERT INTO `communities` (`id`, `name`, `admin_user_id`) VALUES ('14', 'consequatur', '225');
INSERT INTO `communities` (`id`, `name`, `admin_user_id`) VALUES ('15', 'velit', '226');
INSERT INTO `communities` (`id`, `name`, `admin_user_id`) VALUES ('16', 'repellendus', '227');
INSERT INTO `communities` (`id`, `name`, `admin_user_id`) VALUES ('17', 'iste', '229');
INSERT INTO `communities` (`id`, `name`, `admin_user_id`) VALUES ('18', 'qui', '232');
INSERT INTO `communities` (`id`, `name`, `admin_user_id`) VALUES ('19', 'qui', '233');
INSERT INTO `communities` (`id`, `name`, `admin_user_id`) VALUES ('20', 'qui', '234');


#
# TABLE STRUCTURE FOR: friend_requests
#

DROP TABLE IF EXISTS `friend_requests`;

CREATE TABLE `friend_requests` (
  `initiator_user_id` bigint(20) unsigned NOT NULL,
  `target_user_id` bigint(20) unsigned NOT NULL,
  `status` enum('requested','approved','declined','unfriended') COLLATE utf8mb4_unicode_ci DEFAULT NULL,
  `requested_at` datetime DEFAULT current_timestamp(),
  `updated_at` datetime DEFAULT NULL ON UPDATE current_timestamp(),
  PRIMARY KEY (`initiator_user_id`,`target_user_id`),
  KEY `target_user_id` (`target_user_id`),
  CONSTRAINT `friend_requests_ibfk_1` FOREIGN KEY (`initiator_user_id`) REFERENCES `users` (`id`),
  CONSTRAINT `friend_requests_ibfk_2` FOREIGN KEY (`target_user_id`) REFERENCES `users` (`id`),
  CONSTRAINT `CONSTRAINT_1` CHECK (`initiator_user_id` <> `target_user_id`)
) ENGINE=InnoDB DEFAULT CHARSET=utf8mb4 COLLATE=utf8mb4_unicode_ci;

INSERT INTO `friend_requests` (`initiator_user_id`, `target_user_id`, `status`, `requested_at`, `updated_at`) VALUES ('202', '332', 'approved', '2002-10-22 23:28:52', '2010-07-23 02:24:47');
INSERT INTO `friend_requests` (`initiator_user_id`, `target_user_id`, `status`, `requested_at`, `updated_at`) VALUES ('202', '368', 'approved', '2014-08-09 19:29:30', '1999-08-31 02:35:25');
INSERT INTO `friend_requests` (`initiator_user_id`, `target_user_id`, `status`, `requested_at`, `updated_at`) VALUES ('205', '237', 'declined', '2007-10-07 04:46:50', '2004-03-27 00:01:52');
INSERT INTO `friend_requests` (`initiator_user_id`, `target_user_id`, `status`, `requested_at`, `updated_at`) VALUES ('206', '238', 'declined', '2016-12-31 14:24:06', '1992-05-13 23:03:03');
INSERT INTO `friend_requests` (`initiator_user_id`, `target_user_id`, `status`, `requested_at`, `updated_at`) VALUES ('209', '243', 'approved', '1973-06-16 13:25:29', '1985-02-21 11:11:49');
INSERT INTO `friend_requests` (`initiator_user_id`, `target_user_id`, `status`, `requested_at`, `updated_at`) VALUES ('211', '256', 'requested', '1981-08-30 11:36:04', '2006-04-28 01:45:52');
INSERT INTO `friend_requests` (`initiator_user_id`, `target_user_id`, `status`, `requested_at`, `updated_at`) VALUES ('211', '374', 'unfriended', '1980-08-27 10:39:46', '1988-09-29 15:00:08');
INSERT INTO `friend_requests` (`initiator_user_id`, `target_user_id`, `status`, `requested_at`, `updated_at`) VALUES ('220', '398', 'approved', '1990-07-12 22:29:57', '1999-11-28 23:13:39');
INSERT INTO `friend_requests` (`initiator_user_id`, `target_user_id`, `status`, `requested_at`, `updated_at`) VALUES ('221', '366', 'approved', '1979-09-08 20:08:01', '2011-07-20 07:29:00');
INSERT INTO `friend_requests` (`initiator_user_id`, `target_user_id`, `status`, `requested_at`, `updated_at`) VALUES ('224', '357', 'approved', '2014-08-16 19:26:08', '2019-11-15 00:27:08');
INSERT INTO `friend_requests` (`initiator_user_id`, `target_user_id`, `status`, `requested_at`, `updated_at`) VALUES ('229', '328', 'declined', '1993-05-15 17:53:10', '2018-09-17 10:33:25');
INSERT INTO `friend_requests` (`initiator_user_id`, `target_user_id`, `status`, `requested_at`, `updated_at`) VALUES ('234', '345', 'requested', '2003-03-12 22:53:09', '2007-08-25 04:57:54');
INSERT INTO `friend_requests` (`initiator_user_id`, `target_user_id`, `status`, `requested_at`, `updated_at`) VALUES ('235', '294', 'requested', '2001-04-10 14:14:16', '2000-04-03 02:28:43');
INSERT INTO `friend_requests` (`initiator_user_id`, `target_user_id`, `status`, `requested_at`, `updated_at`) VALUES ('237', '217', 'unfriended', '1995-10-05 14:53:18', '2017-05-22 17:58:24');
INSERT INTO `friend_requests` (`initiator_user_id`, `target_user_id`, `status`, `requested_at`, `updated_at`) VALUES ('237', '287', 'declined', '1982-11-18 06:01:14', '2005-05-26 22:45:23');
INSERT INTO `friend_requests` (`initiator_user_id`, `target_user_id`, `status`, `requested_at`, `updated_at`) VALUES ('241', '233', 'approved', '2014-12-20 18:04:02', '1974-08-09 05:40:31');
INSERT INTO `friend_requests` (`initiator_user_id`, `target_user_id`, `status`, `requested_at`, `updated_at`) VALUES ('242', '315', 'requested', '1985-07-12 10:03:04', '2019-05-15 05:07:21');
INSERT INTO `friend_requests` (`initiator_user_id`, `target_user_id`, `status`, `requested_at`, `updated_at`) VALUES ('244', '238', 'unfriended', '2001-11-25 00:39:55', '1993-08-14 10:07:00');
INSERT INTO `friend_requests` (`initiator_user_id`, `target_user_id`, `status`, `requested_at`, `updated_at`) VALUES ('244', '247', 'approved', '1991-12-16 06:04:50', '2005-06-12 17:48:28');
INSERT INTO `friend_requests` (`initiator_user_id`, `target_user_id`, `status`, `requested_at`, `updated_at`) VALUES ('244', '394', 'requested', '2015-06-18 22:13:44', '1992-04-10 00:29:34');
INSERT INTO `friend_requests` (`initiator_user_id`, `target_user_id`, `status`, `requested_at`, `updated_at`) VALUES ('246', '221', 'requested', '1986-09-28 14:29:06', '1998-09-07 04:42:01');
INSERT INTO `friend_requests` (`initiator_user_id`, `target_user_id`, `status`, `requested_at`, `updated_at`) VALUES ('247', '321', 'declined', '1977-04-11 17:38:22', '1989-02-05 19:36:42');
INSERT INTO `friend_requests` (`initiator_user_id`, `target_user_id`, `status`, `requested_at`, `updated_at`) VALUES ('247', '323', 'unfriended', '2018-03-28 14:55:38', '1977-12-27 19:34:05');
INSERT INTO `friend_requests` (`initiator_user_id`, `target_user_id`, `status`, `requested_at`, `updated_at`) VALUES ('250', '272', 'requested', '1979-09-11 10:04:42', '1985-12-01 16:39:02');
INSERT INTO `friend_requests` (`initiator_user_id`, `target_user_id`, `status`, `requested_at`, `updated_at`) VALUES ('250', '374', 'requested', '1979-05-18 14:25:58', '1992-03-13 07:55:09');
INSERT INTO `friend_requests` (`initiator_user_id`, `target_user_id`, `status`, `requested_at`, `updated_at`) VALUES ('252', '276', 'requested', '2004-01-11 13:02:19', '1974-06-07 14:58:26');
INSERT INTO `friend_requests` (`initiator_user_id`, `target_user_id`, `status`, `requested_at`, `updated_at`) VALUES ('252', '355', 'requested', '2003-10-26 07:50:30', '1993-09-12 17:06:49');
INSERT INTO `friend_requests` (`initiator_user_id`, `target_user_id`, `status`, `requested_at`, `updated_at`) VALUES ('256', '300', 'declined', '2020-03-08 16:50:51', '1996-03-01 09:26:37');
INSERT INTO `friend_requests` (`initiator_user_id`, `target_user_id`, `status`, `requested_at`, `updated_at`) VALUES ('257', '367', 'declined', '1986-11-01 16:14:26', '1999-07-13 11:11:43');
INSERT INTO `friend_requests` (`initiator_user_id`, `target_user_id`, `status`, `requested_at`, `updated_at`) VALUES ('258', '291', 'requested', '2018-05-20 03:32:55', '1996-01-15 07:22:41');
INSERT INTO `friend_requests` (`initiator_user_id`, `target_user_id`, `status`, `requested_at`, `updated_at`) VALUES ('263', '286', 'requested', '1971-08-01 18:35:09', '1979-08-06 02:03:44');
INSERT INTO `friend_requests` (`initiator_user_id`, `target_user_id`, `status`, `requested_at`, `updated_at`) VALUES ('263', '309', 'requested', '2020-11-30 16:01:35', '1987-07-04 09:02:47');
INSERT INTO `friend_requests` (`initiator_user_id`, `target_user_id`, `status`, `requested_at`, `updated_at`) VALUES ('263', '375', 'requested', '2009-01-19 20:25:07', '1992-02-12 06:01:43');
INSERT INTO `friend_requests` (`initiator_user_id`, `target_user_id`, `status`, `requested_at`, `updated_at`) VALUES ('270', '220', 'approved', '2010-08-21 10:20:45', '1980-01-06 07:17:21');
INSERT INTO `friend_requests` (`initiator_user_id`, `target_user_id`, `status`, `requested_at`, `updated_at`) VALUES ('270', '352', 'requested', '2011-07-24 13:59:04', '1998-12-19 00:31:47');
INSERT INTO `friend_requests` (`initiator_user_id`, `target_user_id`, `status`, `requested_at`, `updated_at`) VALUES ('270', '375', 'unfriended', '2001-11-06 18:35:27', '1972-09-10 09:09:02');
INSERT INTO `friend_requests` (`initiator_user_id`, `target_user_id`, `status`, `requested_at`, `updated_at`) VALUES ('271', '242', 'declined', '2006-08-02 09:17:28', '1989-05-15 22:24:25');
INSERT INTO `friend_requests` (`initiator_user_id`, `target_user_id`, `status`, `requested_at`, `updated_at`) VALUES ('271', '307', 'approved', '2004-12-02 04:05:47', '2000-09-02 06:10:09');
INSERT INTO `friend_requests` (`initiator_user_id`, `target_user_id`, `status`, `requested_at`, `updated_at`) VALUES ('274', '265', 'requested', '1999-12-24 09:42:39', '1991-10-16 01:54:19');
INSERT INTO `friend_requests` (`initiator_user_id`, `target_user_id`, `status`, `requested_at`, `updated_at`) VALUES ('274', '277', 'requested', '2009-06-05 14:12:12', '1991-01-30 19:53:10');
INSERT INTO `friend_requests` (`initiator_user_id`, `target_user_id`, `status`, `requested_at`, `updated_at`) VALUES ('274', '387', 'requested', '1984-10-09 19:14:01', '2000-02-16 08:29:05');
INSERT INTO `friend_requests` (`initiator_user_id`, `target_user_id`, `status`, `requested_at`, `updated_at`) VALUES ('277', '270', 'unfriended', '2006-09-26 07:38:35', '2002-06-27 01:49:21');
INSERT INTO `friend_requests` (`initiator_user_id`, `target_user_id`, `status`, `requested_at`, `updated_at`) VALUES ('277', '350', 'requested', '2003-05-21 12:03:13', '1982-07-21 12:09:18');
INSERT INTO `friend_requests` (`initiator_user_id`, `target_user_id`, `status`, `requested_at`, `updated_at`) VALUES ('280', '232', 'approved', '1975-03-03 17:36:02', '1988-05-29 09:34:54');
INSERT INTO `friend_requests` (`initiator_user_id`, `target_user_id`, `status`, `requested_at`, `updated_at`) VALUES ('286', '302', 'approved', '2013-03-12 02:55:27', '2010-10-13 04:45:30');
INSERT INTO `friend_requests` (`initiator_user_id`, `target_user_id`, `status`, `requested_at`, `updated_at`) VALUES ('289', '235', 'declined', '1976-07-30 02:01:23', '1979-02-18 07:15:31');
INSERT INTO `friend_requests` (`initiator_user_id`, `target_user_id`, `status`, `requested_at`, `updated_at`) VALUES ('289', '243', 'unfriended', '1984-03-01 03:48:38', '2005-01-03 01:18:55');
INSERT INTO `friend_requests` (`initiator_user_id`, `target_user_id`, `status`, `requested_at`, `updated_at`) VALUES ('294', '357', 'declined', '1982-03-25 10:15:01', '2019-06-10 15:55:31');
INSERT INTO `friend_requests` (`initiator_user_id`, `target_user_id`, `status`, `requested_at`, `updated_at`) VALUES ('295', '328', 'unfriended', '1990-05-12 19:40:55', '1987-12-05 01:40:54');
INSERT INTO `friend_requests` (`initiator_user_id`, `target_user_id`, `status`, `requested_at`, `updated_at`) VALUES ('297', '272', 'approved', '1992-05-09 21:11:23', '1974-10-17 02:35:13');
INSERT INTO `friend_requests` (`initiator_user_id`, `target_user_id`, `status`, `requested_at`, `updated_at`) VALUES ('299', '358', 'approved', '2009-03-08 10:36:58', '1997-02-13 05:10:34');
INSERT INTO `friend_requests` (`initiator_user_id`, `target_user_id`, `status`, `requested_at`, `updated_at`) VALUES ('300', '205', 'requested', '1975-07-24 14:03:10', '1996-05-26 09:47:45');
INSERT INTO `friend_requests` (`initiator_user_id`, `target_user_id`, `status`, `requested_at`, `updated_at`) VALUES ('300', '347', 'declined', '1991-11-04 04:11:51', '2006-12-09 06:52:07');
INSERT INTO `friend_requests` (`initiator_user_id`, `target_user_id`, `status`, `requested_at`, `updated_at`) VALUES ('311', '242', 'unfriended', '1992-01-07 04:59:59', '1973-12-13 02:54:35');
INSERT INTO `friend_requests` (`initiator_user_id`, `target_user_id`, `status`, `requested_at`, `updated_at`) VALUES ('311', '286', 'unfriended', '1994-02-16 12:10:39', '1985-11-09 09:56:39');
INSERT INTO `friend_requests` (`initiator_user_id`, `target_user_id`, `status`, `requested_at`, `updated_at`) VALUES ('315', '356', 'unfriended', '2009-02-07 05:05:31', '2004-08-22 09:08:55');
INSERT INTO `friend_requests` (`initiator_user_id`, `target_user_id`, `status`, `requested_at`, `updated_at`) VALUES ('319', '244', 'unfriended', '1997-07-23 12:10:06', '1975-01-27 05:41:29');
INSERT INTO `friend_requests` (`initiator_user_id`, `target_user_id`, `status`, `requested_at`, `updated_at`) VALUES ('319', '357', 'unfriended', '1992-07-15 20:42:02', '2009-01-05 18:13:30');
INSERT INTO `friend_requests` (`initiator_user_id`, `target_user_id`, `status`, `requested_at`, `updated_at`) VALUES ('321', '265', 'declined', '1992-03-26 05:04:45', '1998-06-18 13:29:53');
INSERT INTO `friend_requests` (`initiator_user_id`, `target_user_id`, `status`, `requested_at`, `updated_at`) VALUES ('321', '277', 'requested', '1999-11-21 16:25:37', '2012-12-10 20:53:28');
INSERT INTO `friend_requests` (`initiator_user_id`, `target_user_id`, `status`, `requested_at`, `updated_at`) VALUES ('321', '306', 'declined', '1989-05-02 21:11:04', '2012-06-26 11:56:24');
INSERT INTO `friend_requests` (`initiator_user_id`, `target_user_id`, `status`, `requested_at`, `updated_at`) VALUES ('323', '299', 'declined', '2002-10-07 00:18:17', '1989-07-30 12:12:47');
INSERT INTO `friend_requests` (`initiator_user_id`, `target_user_id`, `status`, `requested_at`, `updated_at`) VALUES ('323', '376', 'approved', '2011-05-25 03:30:41', '1975-01-28 21:52:41');
INSERT INTO `friend_requests` (`initiator_user_id`, `target_user_id`, `status`, `requested_at`, `updated_at`) VALUES ('325', '355', 'unfriended', '2010-10-28 10:27:20', '1974-03-30 18:50:59');
INSERT INTO `friend_requests` (`initiator_user_id`, `target_user_id`, `status`, `requested_at`, `updated_at`) VALUES ('325', '392', 'approved', '2000-10-04 23:32:08', '2008-07-29 04:43:48');
INSERT INTO `friend_requests` (`initiator_user_id`, `target_user_id`, `status`, `requested_at`, `updated_at`) VALUES ('326', '257', 'requested', '1973-08-27 08:01:22', '1995-08-15 13:39:26');
INSERT INTO `friend_requests` (`initiator_user_id`, `target_user_id`, `status`, `requested_at`, `updated_at`) VALUES ('326', '381', 'unfriended', '1973-05-01 21:53:55', '1978-04-22 11:15:09');
INSERT INTO `friend_requests` (`initiator_user_id`, `target_user_id`, `status`, `requested_at`, `updated_at`) VALUES ('328', '375', 'approved', '2002-05-04 21:42:52', '2021-05-27 23:03:56');
INSERT INTO `friend_requests` (`initiator_user_id`, `target_user_id`, `status`, `requested_at`, `updated_at`) VALUES ('332', '355', 'unfriended', '2014-04-09 12:09:09', '2007-12-29 12:59:39');
INSERT INTO `friend_requests` (`initiator_user_id`, `target_user_id`, `status`, `requested_at`, `updated_at`) VALUES ('335', '367', 'declined', '1988-04-11 02:36:24', '2007-05-22 17:47:15');
INSERT INTO `friend_requests` (`initiator_user_id`, `target_user_id`, `status`, `requested_at`, `updated_at`) VALUES ('339', '352', 'declined', '1997-05-13 16:34:36', '2005-02-09 04:55:31');
INSERT INTO `friend_requests` (`initiator_user_id`, `target_user_id`, `status`, `requested_at`, `updated_at`) VALUES ('344', '202', 'unfriended', '2005-11-21 04:03:43', '2013-04-18 15:48:15');
INSERT INTO `friend_requests` (`initiator_user_id`, `target_user_id`, `status`, `requested_at`, `updated_at`) VALUES ('345', '286', 'unfriended', '1977-11-04 17:39:07', '2000-11-04 06:13:15');
INSERT INTO `friend_requests` (`initiator_user_id`, `target_user_id`, `status`, `requested_at`, `updated_at`) VALUES ('345', '307', 'approved', '1975-06-22 09:12:59', '1981-06-13 14:42:15');
INSERT INTO `friend_requests` (`initiator_user_id`, `target_user_id`, `status`, `requested_at`, `updated_at`) VALUES ('349', '272', 'requested', '2018-01-19 14:26:41', '2009-01-30 01:58:11');
INSERT INTO `friend_requests` (`initiator_user_id`, `target_user_id`, `status`, `requested_at`, `updated_at`) VALUES ('350', '220', 'approved', '2003-11-10 19:14:26', '1989-11-10 04:09:54');
INSERT INTO `friend_requests` (`initiator_user_id`, `target_user_id`, `status`, `requested_at`, `updated_at`) VALUES ('350', '234', 'approved', '2019-07-21 01:47:55', '1996-12-10 22:01:41');
INSERT INTO `friend_requests` (`initiator_user_id`, `target_user_id`, `status`, `requested_at`, `updated_at`) VALUES ('352', '399', 'declined', '1985-03-11 23:05:04', '1973-09-10 16:26:24');
INSERT INTO `friend_requests` (`initiator_user_id`, `target_user_id`, `status`, `requested_at`, `updated_at`) VALUES ('356', '220', 'declined', '1981-11-17 03:42:43', '1987-02-24 12:49:31');
INSERT INTO `friend_requests` (`initiator_user_id`, `target_user_id`, `status`, `requested_at`, `updated_at`) VALUES ('356', '302', 'declined', '2017-05-04 23:56:49', '1983-06-17 10:13:13');
INSERT INTO `friend_requests` (`initiator_user_id`, `target_user_id`, `status`, `requested_at`, `updated_at`) VALUES ('358', '211', 'approved', '2000-11-18 17:08:53', '1982-05-16 09:41:32');
INSERT INTO `friend_requests` (`initiator_user_id`, `target_user_id`, `status`, `requested_at`, `updated_at`) VALUES ('359', '299', 'approved', '1988-08-15 23:58:34', '1999-09-16 18:34:56');
INSERT INTO `friend_requests` (`initiator_user_id`, `target_user_id`, `status`, `requested_at`, `updated_at`) VALUES ('364', '375', 'approved', '1983-09-07 03:59:13', '1999-12-12 22:00:47');
INSERT INTO `friend_requests` (`initiator_user_id`, `target_user_id`, `status`, `requested_at`, `updated_at`) VALUES ('365', '263', 'declined', '1994-09-26 02:21:02', '2007-07-12 06:21:38');
INSERT INTO `friend_requests` (`initiator_user_id`, `target_user_id`, `status`, `requested_at`, `updated_at`) VALUES ('365', '337', 'approved', '1974-10-31 19:13:42', '1985-06-24 00:07:51');
INSERT INTO `friend_requests` (`initiator_user_id`, `target_user_id`, `status`, `requested_at`, `updated_at`) VALUES ('365', '359', 'unfriended', '1981-05-15 23:47:35', '2004-04-29 21:18:06');
INSERT INTO `friend_requests` (`initiator_user_id`, `target_user_id`, `status`, `requested_at`, `updated_at`) VALUES ('366', '328', 'approved', '1972-06-15 07:41:23', '1976-03-25 02:03:29');
INSERT INTO `friend_requests` (`initiator_user_id`, `target_user_id`, `status`, `requested_at`, `updated_at`) VALUES ('366', '342', 'unfriended', '2019-08-19 04:35:50', '2008-02-27 04:12:15');
INSERT INTO `friend_requests` (`initiator_user_id`, `target_user_id`, `status`, `requested_at`, `updated_at`) VALUES ('380', '209', 'unfriended', '1970-02-17 17:10:37', '1971-07-11 09:10:03');
INSERT INTO `friend_requests` (`initiator_user_id`, `target_user_id`, `status`, `requested_at`, `updated_at`) VALUES ('380', '221', 'requested', '2008-12-14 04:06:44', '1988-08-06 13:35:18');
INSERT INTO `friend_requests` (`initiator_user_id`, `target_user_id`, `status`, `requested_at`, `updated_at`) VALUES ('380', '315', 'requested', '1998-09-26 09:43:57', '2019-05-08 07:11:13');
INSERT INTO `friend_requests` (`initiator_user_id`, `target_user_id`, `status`, `requested_at`, `updated_at`) VALUES ('380', '367', 'unfriended', '1993-12-29 04:04:22', '1992-05-24 19:09:12');
INSERT INTO `friend_requests` (`initiator_user_id`, `target_user_id`, `status`, `requested_at`, `updated_at`) VALUES ('390', '386', 'declined', '2004-04-10 06:48:35', '1984-07-09 13:48:22');
INSERT INTO `friend_requests` (`initiator_user_id`, `target_user_id`, `status`, `requested_at`, `updated_at`) VALUES ('392', '342', 'declined', '1989-03-06 00:43:58', '2002-02-18 18:07:14');
INSERT INTO `friend_requests` (`initiator_user_id`, `target_user_id`, `status`, `requested_at`, `updated_at`) VALUES ('394', '208', 'unfriended', '1988-02-04 11:41:43', '1980-03-03 02:59:00');
INSERT INTO `friend_requests` (`initiator_user_id`, `target_user_id`, `status`, `requested_at`, `updated_at`) VALUES ('394', '287', 'unfriended', '2000-06-17 16:19:33', '1993-08-12 03:29:02');
INSERT INTO `friend_requests` (`initiator_user_id`, `target_user_id`, `status`, `requested_at`, `updated_at`) VALUES ('395', '217', 'requested', '1978-12-10 17:41:01', '1980-08-02 17:53:25');
INSERT INTO `friend_requests` (`initiator_user_id`, `target_user_id`, `status`, `requested_at`, `updated_at`) VALUES ('395', '382', 'requested', '1988-10-20 13:28:20', '1986-02-02 08:42:40');
INSERT INTO `friend_requests` (`initiator_user_id`, `target_user_id`, `status`, `requested_at`, `updated_at`) VALUES ('397', '262', 'declined', '2016-11-10 23:25:23', '2014-08-24 19:35:16');
INSERT INTO `friend_requests` (`initiator_user_id`, `target_user_id`, `status`, `requested_at`, `updated_at`) VALUES ('399', '224', 'declined', '2001-07-05 04:04:30', '2017-12-29 12:19:55');


#
# TABLE STRUCTURE FOR: media
#

DROP TABLE IF EXISTS `media`;

CREATE TABLE `media` (
  `id` bigint(20) unsigned NOT NULL AUTO_INCREMENT,
  `media_type_id` bigint(20) unsigned NOT NULL,
  `user_id` bigint(20) unsigned NOT NULL,
  `body` text COLLATE utf8mb4_unicode_ci DEFAULT NULL,
  `filename` varchar(255) COLLATE utf8mb4_unicode_ci DEFAULT NULL,
  `size` int(11) DEFAULT NULL,
  `metadata` longtext CHARACTER SET utf8mb4 COLLATE utf8mb4_bin DEFAULT NULL CHECK (json_valid(`metadata`)),
  `created_at` datetime DEFAULT current_timestamp(),
  `updated_at` datetime DEFAULT NULL ON UPDATE current_timestamp(),
  UNIQUE KEY `id` (`id`),
  KEY `user_id` (`user_id`),
  KEY `media_type_id` (`media_type_id`),
  CONSTRAINT `media_ibfk_1` FOREIGN KEY (`user_id`) REFERENCES `users` (`id`),
  CONSTRAINT `media_ibfk_2` FOREIGN KEY (`media_type_id`) REFERENCES `media_types` (`id`)
) ENGINE=InnoDB AUTO_INCREMENT=101 DEFAULT CHARSET=utf8mb4 COLLATE=utf8mb4_unicode_ci;

INSERT INTO `media` (`id`, `media_type_id`, `user_id`, `body`, `filename`, `size`, `metadata`, `created_at`, `updated_at`) VALUES ('1', '1', '201', 'Enim aut aut recusandae nam consectetur. Enim voluptatem quibusdam velit cupiditate ratione ea perferendis. Nihil aliquam eius totam fugiat. Quia tempore laudantium quidem qui mollitia dolor.', 'numquam', 1, NULL, '2012-07-15 12:33:25', '1976-01-08 21:18:10');
INSERT INTO `media` (`id`, `media_type_id`, `user_id`, `body`, `filename`, `size`, `metadata`, `created_at`, `updated_at`) VALUES ('2', '2', '202', 'Necessitatibus nihil sint voluptatem quia reiciendis ab provident. A debitis numquam omnis repellendus dolorem veritatis. Itaque quos ratione vero occaecati deleniti.', 'nisi', 6858090, NULL, '1988-05-29 02:03:03', '1992-05-04 02:13:07');
INSERT INTO `media` (`id`, `media_type_id`, `user_id`, `body`, `filename`, `size`, `metadata`, `created_at`, `updated_at`) VALUES ('3', '3', '205', 'Exercitationem magni suscipit at est non labore aperiam. Aut quo aut qui debitis odit. Necessitatibus maiores culpa dolor enim vero vitae rerum id. Praesentium et maiores et.', 'ut', 2169113, NULL, '1998-05-25 02:23:52', '1985-07-08 14:52:49');
INSERT INTO `media` (`id`, `media_type_id`, `user_id`, `body`, `filename`, `size`, `metadata`, `created_at`, `updated_at`) VALUES ('4', '4', '206', 'Exercitationem quas ipsa totam aut nulla odio reiciendis. Est mollitia veniam autem ut perspiciatis aspernatur. Placeat unde harum et eos.', 'fugiat', 561504467, NULL, '1976-02-20 02:50:17', '1995-07-19 12:24:30');
INSERT INTO `media` (`id`, `media_type_id`, `user_id`, `body`, `filename`, `size`, `metadata`, `created_at`, `updated_at`) VALUES ('5', '5', '208', 'Voluptas veniam temporibus nam voluptatem. Ut nostrum sapiente esse ut sit delectus rerum. Eum id dolor nisi sint.', 'deleniti', 899, NULL, '1971-12-23 14:21:05', '1970-10-06 13:26:38');
INSERT INTO `media` (`id`, `media_type_id`, `user_id`, `body`, `filename`, `size`, `metadata`, `created_at`, `updated_at`) VALUES ('6', '6', '209', 'Officiis earum cupiditate velit veritatis a. Non eveniet et esse. Perspiciatis omnis inventore ut voluptas recusandae laudantium.', 'et', 808, NULL, '2003-10-30 21:05:00', '2008-11-23 00:52:09');
INSERT INTO `media` (`id`, `media_type_id`, `user_id`, `body`, `filename`, `size`, `metadata`, `created_at`, `updated_at`) VALUES ('7', '7', '211', 'Ut qui labore maxime quisquam odit quas commodi. Sint est officia ut voluptas sunt. Voluptatem ab tempora deserunt voluptatem. Ut molestias dignissimos quaerat impedit reiciendis.', 'perferendis', 5607408, NULL, '2010-10-24 13:24:14', '1988-02-29 13:45:53');
INSERT INTO `media` (`id`, `media_type_id`, `user_id`, `body`, `filename`, `size`, `metadata`, `created_at`, `updated_at`) VALUES ('8', '8', '212', 'Aspernatur in accusamus et doloribus aliquam ea. Vel esse architecto eos iste ex. Et provident nostrum consectetur aut amet. Odio voluptates ullam sunt quibusdam qui. Libero consectetur fugit voluptas est.', 'incidunt', 0, NULL, '2008-04-23 20:10:51', '1996-12-18 06:51:20');
INSERT INTO `media` (`id`, `media_type_id`, `user_id`, `body`, `filename`, `size`, `metadata`, `created_at`, `updated_at`) VALUES ('9', '9', '217', 'Quia est et earum impedit. Accusantium aperiam id beatae laborum fugiat ut. Accusantium consectetur iure amet. Nostrum porro natus aspernatur non.', 'quis', 55819704, NULL, '2006-05-18 06:55:49', '1977-05-12 03:16:34');
INSERT INTO `media` (`id`, `media_type_id`, `user_id`, `body`, `filename`, `size`, `metadata`, `created_at`, `updated_at`) VALUES ('10', '10', '218', 'Amet aut quia deserunt sit ipsum quasi minus voluptatem. Consequatur voluptatem sed aliquid molestiae. Iusto velit nisi dolore dolorem aliquam ducimus voluptates quas. Odit id ad modi quam ut magni. Quidem molestiae et ipsam et error.', 'vel', 84847, NULL, '1992-10-26 22:26:47', '1976-01-14 00:30:27');
INSERT INTO `media` (`id`, `media_type_id`, `user_id`, `body`, `filename`, `size`, `metadata`, `created_at`, `updated_at`) VALUES ('11', '1', '220', 'Officia excepturi sunt quo consequatur ducimus ea eum. Nisi dolorem eos aut quibusdam incidunt consequatur amet. Eum voluptatem perferendis aut porro et.', 'consequuntur', 0, NULL, '2019-11-18 07:20:23', '1972-01-20 05:50:21');
INSERT INTO `media` (`id`, `media_type_id`, `user_id`, `body`, `filename`, `size`, `metadata`, `created_at`, `updated_at`) VALUES ('12', '2', '221', 'Qui natus cupiditate accusamus est et tempore. Et recusandae commodi ullam sunt et et et. Et ipsa minima porro incidunt. Ut quo dolorum quaerat quia et sed nemo.', 'qui', 8852605, NULL, '1987-03-29 06:48:08', '1998-02-20 10:49:29');
INSERT INTO `media` (`id`, `media_type_id`, `user_id`, `body`, `filename`, `size`, `metadata`, `created_at`, `updated_at`) VALUES ('13', '3', '224', 'Mollitia dolorem eius ut minus. Odio repudiandae nemo dignissimos praesentium. Perspiciatis voluptatum dolore culpa aliquid tempore eaque est. Molestiae eius voluptas facere qui rerum voluptas voluptatem.', 'quaerat', 9, NULL, '1973-09-12 03:40:28', '2005-03-08 03:59:46');
INSERT INTO `media` (`id`, `media_type_id`, `user_id`, `body`, `filename`, `size`, `metadata`, `created_at`, `updated_at`) VALUES ('14', '4', '225', 'Praesentium voluptas enim odit eveniet. Delectus at voluptatibus eaque sapiente ipsa fugit.', 'non', 995680106, NULL, '1993-11-30 17:55:30', '1974-08-22 14:10:22');
INSERT INTO `media` (`id`, `media_type_id`, `user_id`, `body`, `filename`, `size`, `metadata`, `created_at`, `updated_at`) VALUES ('15', '5', '226', 'Modi et ut voluptas maxime. Voluptas ducimus voluptatibus atque consequatur repellendus pariatur. Repudiandae quam enim sed non.', 'eius', 376249048, NULL, '1996-09-23 12:34:04', '1996-10-03 04:49:03');
INSERT INTO `media` (`id`, `media_type_id`, `user_id`, `body`, `filename`, `size`, `metadata`, `created_at`, `updated_at`) VALUES ('16', '6', '227', 'Ducimus voluptas dolor sed quia culpa a sed. Facilis optio tenetur voluptatem ut molestiae temporibus. Nihil necessitatibus aliquid enim accusantium unde aut. Velit nesciunt et sit accusamus aut.', 'ipsum', 19846237, NULL, '1985-03-14 17:09:30', '1982-07-13 07:49:36');
INSERT INTO `media` (`id`, `media_type_id`, `user_id`, `body`, `filename`, `size`, `metadata`, `created_at`, `updated_at`) VALUES ('17', '7', '229', 'Voluptatem dolore commodi deserunt excepturi minus. Veritatis non eveniet consectetur dolores nam. Nobis officia ipsam possimus accusamus adipisci minima. Eos ipsa non neque numquam quae rem delectus.', 'dolorem', 126, NULL, '1996-07-26 16:03:54', '2021-02-08 13:22:19');
INSERT INTO `media` (`id`, `media_type_id`, `user_id`, `body`, `filename`, `size`, `metadata`, `created_at`, `updated_at`) VALUES ('18', '8', '232', 'Quisquam ratione est corrupti aut vel ut. Magni vel in molestiae ea unde enim. Dolor ducimus quaerat ut reprehenderit officiis. Unde occaecati itaque molestiae ipsum.', 'autem', 27050157, NULL, '1972-12-05 15:08:57', '2019-11-11 04:52:08');
INSERT INTO `media` (`id`, `media_type_id`, `user_id`, `body`, `filename`, `size`, `metadata`, `created_at`, `updated_at`) VALUES ('19', '9', '233', 'Sint aut rerum quidem consequatur quasi inventore distinctio minus. Id dolor fugiat quos ipsam magni. Atque est est occaecati ea ipsa dolor ut. Dolorem fuga eligendi aut vel quis.', 'aut', 52, NULL, '2003-08-19 17:37:35', '2003-03-03 07:48:18');
INSERT INTO `media` (`id`, `media_type_id`, `user_id`, `body`, `filename`, `size`, `metadata`, `created_at`, `updated_at`) VALUES ('20', '10', '234', 'Commodi qui suscipit voluptate saepe a velit. Non non et voluptate et qui. Impedit eius dolore temporibus quod. Asperiores deserunt voluptatum veniam et cupiditate.', 'rerum', 2288798, NULL, '2013-01-04 10:43:26', '1999-08-28 06:06:29');
INSERT INTO `media` (`id`, `media_type_id`, `user_id`, `body`, `filename`, `size`, `metadata`, `created_at`, `updated_at`) VALUES ('21', '1', '235', 'Aliquid esse eum iure et vel reiciendis ut. Eos blanditiis dignissimos at eligendi nostrum quia ut. Culpa sint voluptatem sed similique omnis reiciendis et.', 'architecto', 927498127, NULL, '2006-01-26 03:43:53', '1997-05-23 04:50:53');
INSERT INTO `media` (`id`, `media_type_id`, `user_id`, `body`, `filename`, `size`, `metadata`, `created_at`, `updated_at`) VALUES ('22', '2', '237', 'Delectus qui delectus temporibus. Odit aspernatur atque et beatae sequi ipsa voluptas.', 'quaerat', 519873216, NULL, '1999-07-13 03:40:49', '1980-09-25 02:05:43');
INSERT INTO `media` (`id`, `media_type_id`, `user_id`, `body`, `filename`, `size`, `metadata`, `created_at`, `updated_at`) VALUES ('23', '3', '238', 'Minima sit non vel. Sit aut officia sit et ad. Aperiam debitis molestias impedit ratione et aliquid nisi debitis. Natus praesentium et et excepturi distinctio officiis. In aut doloremque et perferendis nihil.', 'natus', 32, NULL, '1997-03-22 07:39:29', '2013-11-06 11:35:48');
INSERT INTO `media` (`id`, `media_type_id`, `user_id`, `body`, `filename`, `size`, `metadata`, `created_at`, `updated_at`) VALUES ('24', '4', '239', 'Qui deserunt fugit in a. Quisquam qui dolor corrupti culpa recusandae nihil quos id. Adipisci dolore expedita quibusdam ab magnam tenetur distinctio ab. Reprehenderit possimus enim consequatur unde cupiditate et.', 'vel', 767066807, NULL, '1990-01-29 13:53:05', '1993-07-22 13:57:05');
INSERT INTO `media` (`id`, `media_type_id`, `user_id`, `body`, `filename`, `size`, `metadata`, `created_at`, `updated_at`) VALUES ('25', '5', '241', 'Ea sint distinctio distinctio necessitatibus corrupti nobis numquam. Magnam iusto eum quo harum aut incidunt rerum. Error natus reprehenderit magni sed quam repellendus.', 'quaerat', 9947, NULL, '1978-09-11 15:37:26', '2010-02-07 11:16:52');
INSERT INTO `media` (`id`, `media_type_id`, `user_id`, `body`, `filename`, `size`, `metadata`, `created_at`, `updated_at`) VALUES ('26', '6', '242', 'Quibusdam consequatur voluptate quibusdam et. Quasi repellat ipsum inventore aspernatur. Omnis aspernatur vel architecto excepturi.', 'eligendi', 5996841, NULL, '1986-07-24 03:41:18', '2009-05-20 00:33:54');
INSERT INTO `media` (`id`, `media_type_id`, `user_id`, `body`, `filename`, `size`, `metadata`, `created_at`, `updated_at`) VALUES ('27', '7', '243', 'Ratione eos et vel aspernatur distinctio. Illo magnam et ad enim maxime odit. Aperiam eligendi aut temporibus illo et expedita mollitia.', 'cumque', 4995537, NULL, '1999-01-24 00:06:11', '2003-10-28 10:32:02');
INSERT INTO `media` (`id`, `media_type_id`, `user_id`, `body`, `filename`, `size`, `metadata`, `created_at`, `updated_at`) VALUES ('28', '8', '244', 'A nesciunt consectetur placeat consequatur rerum. Ex aut sint qui deserunt. Dolorum iste amet facilis nam esse animi.', 'ut', 0, NULL, '2001-05-23 20:01:26', '1976-06-02 12:05:55');
INSERT INTO `media` (`id`, `media_type_id`, `user_id`, `body`, `filename`, `size`, `metadata`, `created_at`, `updated_at`) VALUES ('29', '9', '246', 'Incidunt ex voluptates cumque harum magnam laudantium. Quos earum veniam temporibus sunt. Placeat assumenda eveniet sint inventore beatae. Est suscipit saepe omnis est quo ipsum.', 'quia', 8, NULL, '1980-11-12 16:29:49', '2003-11-29 11:32:48');
INSERT INTO `media` (`id`, `media_type_id`, `user_id`, `body`, `filename`, `size`, `metadata`, `created_at`, `updated_at`) VALUES ('30', '10', '247', 'Vel natus atque impedit laudantium dolor. Commodi vel doloribus sint omnis. Incidunt deleniti nesciunt et quibusdam ut quos aut quidem.', 'rerum', 374362, NULL, '1970-08-22 09:30:25', '1993-04-16 03:20:42');
INSERT INTO `media` (`id`, `media_type_id`, `user_id`, `body`, `filename`, `size`, `metadata`, `created_at`, `updated_at`) VALUES ('31', '1', '250', 'Est veritatis occaecati sed fuga similique placeat. In quibusdam sequi ea voluptas dolores consequatur aut. Eveniet et adipisci accusantium similique impedit.', 'et', 8, NULL, '2000-05-20 09:15:13', '2003-09-08 21:08:50');
INSERT INTO `media` (`id`, `media_type_id`, `user_id`, `body`, `filename`, `size`, `metadata`, `created_at`, `updated_at`) VALUES ('32', '2', '252', 'Omnis repellendus voluptates magni vitae. Ea recusandae repellat velit sapiente voluptatibus. Voluptatibus minima velit et quas id molestiae ut eius. Laboriosam consectetur adipisci beatae ipsam.', 'quia', 448846, NULL, '1995-05-16 07:36:50', '2016-02-05 03:50:04');
INSERT INTO `media` (`id`, `media_type_id`, `user_id`, `body`, `filename`, `size`, `metadata`, `created_at`, `updated_at`) VALUES ('33', '3', '254', 'Expedita consectetur minus dolores tenetur vel quae atque illum. Dignissimos quod magni eos possimus corporis quia officiis. Natus et minima magni sapiente.', 'et', 39125, NULL, '1973-07-14 02:49:50', '2021-03-14 23:22:32');
INSERT INTO `media` (`id`, `media_type_id`, `user_id`, `body`, `filename`, `size`, `metadata`, `created_at`, `updated_at`) VALUES ('34', '4', '256', 'Eum voluptatem omnis velit omnis vel. Nihil velit quas ad sit ducimus. Quia sit nihil nihil magni et. Corrupti eum veritatis temporibus beatae praesentium sit.', 'id', 5, NULL, '2000-08-09 00:44:38', '2003-10-29 01:03:21');
INSERT INTO `media` (`id`, `media_type_id`, `user_id`, `body`, `filename`, `size`, `metadata`, `created_at`, `updated_at`) VALUES ('35', '5', '257', 'Nesciunt culpa commodi aliquid quia dolorem corporis. Rerum accusantium dolore et consequatur nesciunt id vel. Temporibus praesentium architecto quia sequi. Quas est animi provident labore repellendus dolorum. Quam itaque adipisci et est vero.', 'quidem', 0, NULL, '1993-02-17 01:20:00', '1984-09-09 22:10:06');
INSERT INTO `media` (`id`, `media_type_id`, `user_id`, `body`, `filename`, `size`, `metadata`, `created_at`, `updated_at`) VALUES ('36', '6', '258', 'Non in saepe iste officiis explicabo excepturi neque. Aspernatur ducimus earum quam qui. Non qui deserunt itaque laborum est iusto.', 'suscipit', 0, NULL, '2011-02-03 09:20:08', '1970-09-18 22:57:15');
INSERT INTO `media` (`id`, `media_type_id`, `user_id`, `body`, `filename`, `size`, `metadata`, `created_at`, `updated_at`) VALUES ('37', '7', '261', 'A ab occaecati quas quod itaque est. Qui eum dignissimos consequatur debitis. Expedita et commodi ad.', 'illo', 4773854, NULL, '2003-12-01 03:07:20', '1989-11-20 01:51:31');
INSERT INTO `media` (`id`, `media_type_id`, `user_id`, `body`, `filename`, `size`, `metadata`, `created_at`, `updated_at`) VALUES ('38', '8', '262', 'Sed autem dolores ut porro aliquam tempore. Est consequatur aut excepturi sit sunt ut. Neque sequi et aut consectetur quisquam aut in. Fugit et nihil quaerat accusamus nesciunt. Temporibus eligendi dolores molestiae et iusto.', 'laboriosam', 19, NULL, '1993-01-31 07:51:25', '1986-12-04 22:07:58');
INSERT INTO `media` (`id`, `media_type_id`, `user_id`, `body`, `filename`, `size`, `metadata`, `created_at`, `updated_at`) VALUES ('39', '9', '263', 'Quam nisi at quia est quia et dolores. Id suscipit quia voluptatem ducimus eos. Delectus illo rerum consequatur ratione.', 'odio', 0, NULL, '1978-07-18 00:22:33', '1990-06-28 22:25:05');
INSERT INTO `media` (`id`, `media_type_id`, `user_id`, `body`, `filename`, `size`, `metadata`, `created_at`, `updated_at`) VALUES ('40', '10', '265', 'Impedit ea at vel illum quia molestiae. Et numquam asperiores dignissimos rerum non illum vitae deleniti. Fuga quo earum sed animi ut vel vel.', 'dolorem', 9677931, NULL, '1971-10-08 13:43:40', '1981-03-27 08:12:38');
INSERT INTO `media` (`id`, `media_type_id`, `user_id`, `body`, `filename`, `size`, `metadata`, `created_at`, `updated_at`) VALUES ('41', '1', '266', 'Rem aut dignissimos ut. Sit nam sequi molestiae qui veniam sit. Quasi quas eos quis et sunt rerum nostrum illum.', 'autem', 74, NULL, '1992-09-29 07:22:39', '2006-03-29 06:11:59');
INSERT INTO `media` (`id`, `media_type_id`, `user_id`, `body`, `filename`, `size`, `metadata`, `created_at`, `updated_at`) VALUES ('42', '2', '268', 'Occaecati corrupti libero impedit libero. Eligendi et voluptas magnam nihil in.', 'praesentium', 961718086, NULL, '1980-08-17 23:20:45', '1971-07-02 22:35:44');
INSERT INTO `media` (`id`, `media_type_id`, `user_id`, `body`, `filename`, `size`, `metadata`, `created_at`, `updated_at`) VALUES ('43', '3', '270', 'Ea iure voluptates voluptatem necessitatibus non. Consequatur voluptatibus voluptatibus qui et dicta eaque itaque. Eveniet accusantium ipsam laboriosam dolore qui ut. Iure vitae quis est aut ea.', 'voluptatem', 35479, NULL, '1989-06-24 18:53:19', '1997-08-10 11:37:41');
INSERT INTO `media` (`id`, `media_type_id`, `user_id`, `body`, `filename`, `size`, `metadata`, `created_at`, `updated_at`) VALUES ('44', '4', '271', 'Totam iste voluptas totam qui amet ea. Provident reprehenderit at iusto adipisci. Sit maxime porro quia provident sint minima. Facilis at unde voluptas. Maiores nostrum dolorum earum ea repudiandae.', 'sed', 42, NULL, '2005-08-03 17:26:33', '1974-07-14 07:16:52');
INSERT INTO `media` (`id`, `media_type_id`, `user_id`, `body`, `filename`, `size`, `metadata`, `created_at`, `updated_at`) VALUES ('45', '5', '272', 'Ut dolor repellat illo ut sint qui nesciunt. Maiores aut qui in aliquid aut. Cum voluptatem explicabo et maiores vero quia voluptatum qui.', 'delectus', 4, NULL, '2019-11-06 00:12:13', '2008-04-07 18:06:13');
INSERT INTO `media` (`id`, `media_type_id`, `user_id`, `body`, `filename`, `size`, `metadata`, `created_at`, `updated_at`) VALUES ('46', '6', '274', 'Deserunt non iusto quibusdam nostrum atque corrupti voluptas. Eveniet eligendi eum quas qui sint minima. Distinctio amet occaecati beatae qui sit quis. Quo nihil eaque esse quia veniam consectetur.', 'nam', 6584, NULL, '1982-05-26 21:37:50', '1987-05-06 08:11:09');
INSERT INTO `media` (`id`, `media_type_id`, `user_id`, `body`, `filename`, `size`, `metadata`, `created_at`, `updated_at`) VALUES ('47', '7', '276', 'Accusantium suscipit quis architecto ut. Sint fuga ad est et. Placeat incidunt earum velit doloribus eum nam. A quas delectus recusandae ratione quia.', 'et', 72, NULL, '1975-05-02 17:16:04', '2003-08-30 08:21:10');
INSERT INTO `media` (`id`, `media_type_id`, `user_id`, `body`, `filename`, `size`, `metadata`, `created_at`, `updated_at`) VALUES ('48', '8', '277', 'Blanditiis voluptates et minus qui sunt. Eum mollitia qui nihil doloribus praesentium modi placeat.', 'sapiente', 2821756, NULL, '1997-07-13 04:49:12', '1980-12-20 11:08:26');
INSERT INTO `media` (`id`, `media_type_id`, `user_id`, `body`, `filename`, `size`, `metadata`, `created_at`, `updated_at`) VALUES ('49', '9', '278', 'Tenetur magni est fugit eum. Explicabo aut labore sunt accusantium id sit ducimus. Et quas alias similique. Sed qui sequi hic aperiam et voluptate voluptatum.', 'corporis', 47743, NULL, '1980-09-21 12:25:39', '2013-08-12 11:47:11');
INSERT INTO `media` (`id`, `media_type_id`, `user_id`, `body`, `filename`, `size`, `metadata`, `created_at`, `updated_at`) VALUES ('50', '10', '280', 'Dignissimos eaque officia sed. In et et culpa natus. Voluptas adipisci consequuntur doloribus nam fugit.', 'ullam', 4561, NULL, '1991-11-27 23:29:52', '1976-10-10 22:13:14');
INSERT INTO `media` (`id`, `media_type_id`, `user_id`, `body`, `filename`, `size`, `metadata`, `created_at`, `updated_at`) VALUES ('51', '1', '286', 'Alias sed magnam delectus nobis sint ab. Culpa quidem voluptatibus et voluptatem quasi saepe aut vitae. Totam dolorem ducimus rem eos sunt.', 'voluptates', 6, NULL, '2017-07-26 19:20:53', '1990-05-16 13:42:32');
INSERT INTO `media` (`id`, `media_type_id`, `user_id`, `body`, `filename`, `size`, `metadata`, `created_at`, `updated_at`) VALUES ('52', '2', '287', 'Ullam enim quaerat minima ea qui. Possimus qui numquam et rerum quia.', 'illo', 0, NULL, '1979-04-17 05:53:40', '2004-12-11 13:22:29');
INSERT INTO `media` (`id`, `media_type_id`, `user_id`, `body`, `filename`, `size`, `metadata`, `created_at`, `updated_at`) VALUES ('53', '3', '289', 'Consectetur dolore autem quia. Debitis alias iusto et molestiae magni repellat quia. Quasi animi voluptatem dolor minus quasi id. Cumque deleniti quis vel sed ea.', 'earum', 37, NULL, '2011-03-16 00:34:57', '1993-03-04 22:42:33');
INSERT INTO `media` (`id`, `media_type_id`, `user_id`, `body`, `filename`, `size`, `metadata`, `created_at`, `updated_at`) VALUES ('54', '4', '291', 'Qui harum quo dolorem quo. Cumque quas rem dolorem et et pariatur error. Temporibus sed nihil accusamus maiores vel et et.', 'qui', 0, NULL, '1990-11-13 06:53:50', '1991-07-08 20:04:21');
INSERT INTO `media` (`id`, `media_type_id`, `user_id`, `body`, `filename`, `size`, `metadata`, `created_at`, `updated_at`) VALUES ('55', '5', '294', 'Officiis velit unde cumque repellat. Cum asperiores aliquid sint velit. Aut impedit est sint vitae occaecati laudantium modi porro.', 'ut', 812, NULL, '1977-09-23 16:58:08', '1982-06-14 00:01:47');
INSERT INTO `media` (`id`, `media_type_id`, `user_id`, `body`, `filename`, `size`, `metadata`, `created_at`, `updated_at`) VALUES ('56', '6', '295', 'Cupiditate aliquid mollitia iure modi alias. Fuga quia velit deleniti molestias molestias necessitatibus vitae minima. Rerum expedita autem ut et et nostrum. Ut molestias corporis itaque consequatur eos at.', 'necessitatibus', 6, NULL, '2013-05-22 10:41:02', '1992-03-28 08:25:51');
INSERT INTO `media` (`id`, `media_type_id`, `user_id`, `body`, `filename`, `size`, `metadata`, `created_at`, `updated_at`) VALUES ('57', '7', '297', 'Quidem ea odio quia. Voluptatem et rerum reprehenderit porro reiciendis eum tempore. Repudiandae eos veniam distinctio sint ut soluta sed.', 'quae', 0, NULL, '2008-09-15 20:40:43', '1989-05-24 12:12:48');
INSERT INTO `media` (`id`, `media_type_id`, `user_id`, `body`, `filename`, `size`, `metadata`, `created_at`, `updated_at`) VALUES ('58', '8', '299', 'Molestiae assumenda sed nulla consequatur qui. Voluptatem reiciendis architecto officiis repellat et labore iste. Sint non rerum est rerum ut. Iusto quam error dolorum molestiae optio mollitia.', 'et', 6, NULL, '1982-04-09 21:48:16', '1996-03-01 17:21:07');
INSERT INTO `media` (`id`, `media_type_id`, `user_id`, `body`, `filename`, `size`, `metadata`, `created_at`, `updated_at`) VALUES ('59', '9', '300', 'In ut minus quia deleniti. Quidem dolores doloremque molestiae.', 'quisquam', 0, NULL, '2005-04-04 12:26:00', '1987-06-22 12:32:31');
INSERT INTO `media` (`id`, `media_type_id`, `user_id`, `body`, `filename`, `size`, `metadata`, `created_at`, `updated_at`) VALUES ('60', '10', '302', 'Autem consequatur ab optio quis eaque. Aut veritatis aliquid consequatur sint accusantium omnis est magni. Eius error architecto est magni.', 'veritatis', 192328, NULL, '1987-03-05 18:41:20', '2006-10-20 01:43:55');
INSERT INTO `media` (`id`, `media_type_id`, `user_id`, `body`, `filename`, `size`, `metadata`, `created_at`, `updated_at`) VALUES ('61', '1', '306', 'Est ipsa quas natus temporibus eligendi nam quasi. Nulla nemo neque omnis nostrum tempore accusantium a sequi.', 'quo', 0, NULL, '2019-01-03 00:33:08', '1978-01-30 01:54:11');
INSERT INTO `media` (`id`, `media_type_id`, `user_id`, `body`, `filename`, `size`, `metadata`, `created_at`, `updated_at`) VALUES ('62', '2', '307', 'Placeat quam consectetur inventore incidunt dicta. Et et eveniet ab ut. Accusamus expedita voluptate ex repudiandae. Omnis occaecati odit qui. Et eius quis autem harum.', 'temporibus', 13, NULL, '2009-12-21 11:15:11', '1998-05-05 03:18:30');
INSERT INTO `media` (`id`, `media_type_id`, `user_id`, `body`, `filename`, `size`, `metadata`, `created_at`, `updated_at`) VALUES ('63', '3', '309', 'Repellat ut illo consequatur dolores veritatis. Mollitia nulla autem est repellendus repellendus. Qui aperiam molestias dolor quam minus quidem. Rerum quam enim nulla voluptas debitis sequi suscipit.', 'delectus', 215552798, NULL, '2000-11-16 21:27:16', '2004-09-25 03:23:22');
INSERT INTO `media` (`id`, `media_type_id`, `user_id`, `body`, `filename`, `size`, `metadata`, `created_at`, `updated_at`) VALUES ('64', '4', '310', 'Et minus ratione est enim nisi. Unde quis totam qui recusandae neque. Possimus tenetur ex voluptatem ab.', 'minima', 91570, NULL, '2014-05-25 22:51:05', '1984-03-04 15:24:27');
INSERT INTO `media` (`id`, `media_type_id`, `user_id`, `body`, `filename`, `size`, `metadata`, `created_at`, `updated_at`) VALUES ('65', '5', '311', 'Perferendis dolorem ipsa consequatur odio. Explicabo odit ratione qui dolores ea enim. Vitae ipsam animi necessitatibus porro nihil.', 'quisquam', 54, NULL, '2013-07-26 04:04:57', '2016-09-04 16:54:35');
INSERT INTO `media` (`id`, `media_type_id`, `user_id`, `body`, `filename`, `size`, `metadata`, `created_at`, `updated_at`) VALUES ('66', '6', '312', 'Quo culpa debitis consequatur asperiores odit dolor. Atque optio quod voluptas unde. Asperiores tenetur soluta vero quo quis dolore vero. Temporibus omnis culpa deleniti aut nemo.', 'voluptatem', 41, NULL, '2017-05-11 17:38:36', '1988-09-19 05:58:14');
INSERT INTO `media` (`id`, `media_type_id`, `user_id`, `body`, `filename`, `size`, `metadata`, `created_at`, `updated_at`) VALUES ('67', '7', '315', 'Possimus eum autem dolore et ab. Repellendus sit doloribus maiores omnis. Omnis fugit ut nam tenetur asperiores. Delectus voluptas iusto nostrum mollitia id ut ea.', 'pariatur', 265842752, NULL, '1982-04-19 19:22:59', '1971-09-04 10:05:48');
INSERT INTO `media` (`id`, `media_type_id`, `user_id`, `body`, `filename`, `size`, `metadata`, `created_at`, `updated_at`) VALUES ('68', '8', '319', 'Doloremque temporibus officia quaerat iure qui aut pariatur. Est expedita odit facilis deserunt perspiciatis. Qui veritatis nam sed voluptatem excepturi. Ab dolor optio et omnis. Laborum et veritatis est odio voluptas explicabo adipisci sit.', 'itaque', 908586, NULL, '2002-06-20 12:55:00', '2000-10-01 02:47:35');
INSERT INTO `media` (`id`, `media_type_id`, `user_id`, `body`, `filename`, `size`, `metadata`, `created_at`, `updated_at`) VALUES ('69', '9', '321', 'Possimus quo fuga illum ut et. Ut sint labore assumenda quas dolore est consectetur est. Dicta minus in enim laborum consectetur minus.', 'sit', 8107205, NULL, '1973-05-07 19:31:52', '2015-10-05 03:42:25');
INSERT INTO `media` (`id`, `media_type_id`, `user_id`, `body`, `filename`, `size`, `metadata`, `created_at`, `updated_at`) VALUES ('70', '10', '323', 'Asperiores minima impedit quos excepturi eaque. Voluptatum enim sit dolores consectetur eos. Aut dolorem ratione consequatur consequatur necessitatibus reiciendis qui animi. Tempora non pariatur sit ut laborum in.', 'est', 6097, NULL, '2011-10-15 20:27:29', '2010-04-08 19:59:32');
INSERT INTO `media` (`id`, `media_type_id`, `user_id`, `body`, `filename`, `size`, `metadata`, `created_at`, `updated_at`) VALUES ('71', '1', '325', 'Qui quibusdam in molestiae mollitia dolorem similique. Incidunt ex ut ut nemo voluptatem nam. Veritatis rerum sunt similique temporibus id. Harum alias dolorem aspernatur nam sint numquam maiores.', 'quas', 94470271, NULL, '2014-06-14 00:47:28', '2010-07-07 08:15:11');
INSERT INTO `media` (`id`, `media_type_id`, `user_id`, `body`, `filename`, `size`, `metadata`, `created_at`, `updated_at`) VALUES ('72', '2', '326', 'Atque perspiciatis possimus omnis iure tempora beatae voluptatem. Et officia asperiores qui placeat. Ut reprehenderit animi aliquid ab maxime consequatur aspernatur. Id ex aliquam consequatur deserunt quaerat.', 'suscipit', 11183, NULL, '1997-03-14 23:03:50', '2018-07-06 01:16:49');
INSERT INTO `media` (`id`, `media_type_id`, `user_id`, `body`, `filename`, `size`, `metadata`, `created_at`, `updated_at`) VALUES ('73', '3', '328', 'Debitis sint sed qui quam sint qui alias. A rem deserunt eius tempora qui. Exercitationem dicta amet aspernatur.', 'enim', 0, NULL, '1978-05-28 10:56:54', '1982-10-10 10:29:13');
INSERT INTO `media` (`id`, `media_type_id`, `user_id`, `body`, `filename`, `size`, `metadata`, `created_at`, `updated_at`) VALUES ('74', '4', '332', 'Possimus blanditiis a nihil consequatur voluptas eum. Consequatur laborum et quo quaerat. Ex blanditiis vero deserunt repellendus molestias omnis quia quia. Et consequatur facere quo nobis quo.', 'quam', 3987456, NULL, '1988-07-06 12:50:37', '1991-09-24 16:58:00');
INSERT INTO `media` (`id`, `media_type_id`, `user_id`, `body`, `filename`, `size`, `metadata`, `created_at`, `updated_at`) VALUES ('75', '5', '335', 'Esse quos amet iure dolor laborum. Natus officia fugit libero non. Rerum molestiae ducimus eius officia minima harum. Quaerat est eius rerum fugiat nulla blanditiis inventore.', 'maiores', 5150, NULL, '2008-03-18 12:24:25', '2012-11-18 13:43:56');
INSERT INTO `media` (`id`, `media_type_id`, `user_id`, `body`, `filename`, `size`, `metadata`, `created_at`, `updated_at`) VALUES ('76', '6', '337', 'Dolorem veritatis repellendus occaecati alias alias expedita aut. Et rerum qui iure sapiente. Pariatur est nostrum illum reprehenderit.', 'placeat', 381, NULL, '1976-07-15 02:00:45', '1977-08-28 08:52:37');
INSERT INTO `media` (`id`, `media_type_id`, `user_id`, `body`, `filename`, `size`, `metadata`, `created_at`, `updated_at`) VALUES ('77', '7', '338', 'Impedit aliquid aut quidem temporibus. Nostrum voluptas commodi neque culpa nostrum alias. Non pariatur deleniti sit enim voluptate. Veniam similique mollitia magnam aut in.', 'blanditiis', 0, NULL, '2015-01-28 11:25:44', '1994-04-09 17:05:41');
INSERT INTO `media` (`id`, `media_type_id`, `user_id`, `body`, `filename`, `size`, `metadata`, `created_at`, `updated_at`) VALUES ('78', '8', '339', 'Provident non ipsa est quae. Id expedita accusantium qui unde nemo et nesciunt nulla. Commodi id sit vel aut. Molestiae dicta omnis provident enim molestiae.', 'excepturi', 6, NULL, '1973-07-22 20:28:46', '2013-12-08 09:11:58');
INSERT INTO `media` (`id`, `media_type_id`, `user_id`, `body`, `filename`, `size`, `metadata`, `created_at`, `updated_at`) VALUES ('79', '9', '342', 'Illo nihil hic eos expedita dicta magni. Recusandae voluptatem eaque itaque nemo distinctio et unde dignissimos. Voluptatibus autem dolorem quam doloremque veniam. Quia repellendus quos dolorem odio et.', 'voluptate', 5, NULL, '2015-04-27 09:19:03', '2016-05-31 02:57:38');
INSERT INTO `media` (`id`, `media_type_id`, `user_id`, `body`, `filename`, `size`, `metadata`, `created_at`, `updated_at`) VALUES ('80', '10', '344', 'Quis deleniti tempore repellat et quod. Quam officiis est aspernatur beatae sunt. Maxime totam et ab est recusandae minus.', 'beatae', 4298180, NULL, '1991-06-01 09:21:31', '1984-05-16 07:39:23');
INSERT INTO `media` (`id`, `media_type_id`, `user_id`, `body`, `filename`, `size`, `metadata`, `created_at`, `updated_at`) VALUES ('81', '1', '345', 'Ut odit quia fugiat quam vero deleniti fugit sed. Voluptatem aliquam velit dolorum odio error sequi. Repellat accusamus omnis a inventore.', 'id', 612493, NULL, '2016-09-02 01:35:35', '1980-06-06 02:10:36');
INSERT INTO `media` (`id`, `media_type_id`, `user_id`, `body`, `filename`, `size`, `metadata`, `created_at`, `updated_at`) VALUES ('82', '2', '347', 'Aliquid blanditiis minima provident laudantium doloribus a iure. Sunt doloribus ab voluptas sunt nam velit aut totam. Unde esse est alias culpa ad eos quae. Eos sunt deserunt qui non quod quis consequatur.', 'et', 699414114, NULL, '1972-07-24 19:00:57', '1991-05-05 15:50:22');
INSERT INTO `media` (`id`, `media_type_id`, `user_id`, `body`, `filename`, `size`, `metadata`, `created_at`, `updated_at`) VALUES ('83', '3', '349', 'Qui modi nesciunt iure autem. Commodi veniam mollitia at eligendi. Iure qui occaecati quia distinctio porro explicabo totam. Vel quia eum sint officia rerum eveniet saepe tempora.', 'in', 41338, NULL, '1995-05-06 07:06:27', '2001-05-06 18:52:30');
INSERT INTO `media` (`id`, `media_type_id`, `user_id`, `body`, `filename`, `size`, `metadata`, `created_at`, `updated_at`) VALUES ('84', '4', '350', 'Nisi iure animi soluta voluptatem quo voluptate quia labore. Sed a quis recusandae maiores mollitia non. Molestiae inventore est explicabo eum. Voluptas odio deserunt reiciendis voluptates est neque.', 'voluptatem', 68548760, NULL, '2007-07-20 10:29:29', '1975-10-14 14:59:54');
INSERT INTO `media` (`id`, `media_type_id`, `user_id`, `body`, `filename`, `size`, `metadata`, `created_at`, `updated_at`) VALUES ('85', '5', '352', 'Neque optio soluta aut odit odit. Sit repellendus atque ipsum maxime sed. Exercitationem id fugiat sed officiis ea. Sunt occaecati omnis rem modi.', 'id', 380371242, NULL, '2000-02-09 20:37:11', '1972-11-06 16:07:25');
INSERT INTO `media` (`id`, `media_type_id`, `user_id`, `body`, `filename`, `size`, `metadata`, `created_at`, `updated_at`) VALUES ('86', '6', '355', 'Ut in et rerum reprehenderit. Omnis aut quia dolores modi. Expedita consequuntur quae libero. Expedita et dolores id aperiam harum alias veniam. Quos temporibus eius repellat repellendus tempore.', 'eligendi', 0, NULL, '2000-01-15 03:33:59', '1994-10-09 11:28:03');
INSERT INTO `media` (`id`, `media_type_id`, `user_id`, `body`, `filename`, `size`, `metadata`, `created_at`, `updated_at`) VALUES ('87', '7', '356', 'Et laboriosam dicta itaque et dolorem ut. Quis sapiente omnis minus asperiores aperiam earum ab et. Earum voluptatum odio minima voluptatem illo a numquam. Expedita voluptatem aliquid veniam quasi sint. Corporis eos non veritatis.', 'quia', 7233, NULL, '2019-08-05 17:17:34', '1975-02-21 17:20:51');
INSERT INTO `media` (`id`, `media_type_id`, `user_id`, `body`, `filename`, `size`, `metadata`, `created_at`, `updated_at`) VALUES ('88', '8', '357', 'Ipsam dolore omnis nulla tenetur vitae est ad molestiae. Maiores eaque neque qui consequatur quo nam. Laborum aliquid qui voluptas aut. Suscipit rerum mollitia numquam accusamus iusto quos. Porro cum et nam.', 'magnam', 1, NULL, '1973-05-23 05:06:43', '1981-09-03 22:03:07');
INSERT INTO `media` (`id`, `media_type_id`, `user_id`, `body`, `filename`, `size`, `metadata`, `created_at`, `updated_at`) VALUES ('89', '9', '358', 'Sunt est voluptatum voluptas et nobis. Praesentium deserunt soluta eius placeat quam. Exercitationem accusamus sapiente maxime voluptas.', 'deleniti', 0, NULL, '1988-10-01 06:20:35', '2000-01-11 19:24:49');
INSERT INTO `media` (`id`, `media_type_id`, `user_id`, `body`, `filename`, `size`, `metadata`, `created_at`, `updated_at`) VALUES ('90', '10', '359', 'Odio optio accusantium doloribus deserunt dignissimos. Non quam officia eum dolores quae. Deserunt qui et eos nam quia at autem. Veniam vel tempore est consequuntur dolorum. Ea id dignissimos error laudantium.', 'accusamus', 29921, NULL, '1988-07-29 01:01:25', '1982-04-21 08:10:05');
INSERT INTO `media` (`id`, `media_type_id`, `user_id`, `body`, `filename`, `size`, `metadata`, `created_at`, `updated_at`) VALUES ('91', '1', '360', 'Expedita ut cupiditate rerum optio. Neque consequatur dolorem vero sunt. Cum nihil ut exercitationem veniam.', 'est', 10797854, NULL, '1972-01-31 17:39:23', '1996-11-15 19:49:16');
INSERT INTO `media` (`id`, `media_type_id`, `user_id`, `body`, `filename`, `size`, `metadata`, `created_at`, `updated_at`) VALUES ('92', '2', '361', 'Ut quaerat at est commodi. Eum eaque eum quam accusantium. Assumenda in aliquam nulla vitae quibusdam blanditiis perferendis. Voluptate natus sit voluptates alias soluta ea ab.', 'soluta', 0, NULL, '1990-12-12 16:21:37', '2014-06-04 21:24:52');
INSERT INTO `media` (`id`, `media_type_id`, `user_id`, `body`, `filename`, `size`, `metadata`, `created_at`, `updated_at`) VALUES ('93', '3', '362', 'Aut atque id animi veniam libero sint. Et ab adipisci reiciendis mollitia amet. Similique quam laborum quod.', 'quia', 179133, NULL, '2011-03-31 13:27:30', '2019-07-03 16:07:21');
INSERT INTO `media` (`id`, `media_type_id`, `user_id`, `body`, `filename`, `size`, `metadata`, `created_at`, `updated_at`) VALUES ('94', '4', '364', 'Ut voluptatem at aperiam dolorem dolorem voluptatem officia minima. Iste reprehenderit sit perspiciatis nemo vel. Et rerum consequatur sit.', 'occaecati', 1572273, NULL, '2015-04-02 03:59:04', '1985-09-10 23:00:22');
INSERT INTO `media` (`id`, `media_type_id`, `user_id`, `body`, `filename`, `size`, `metadata`, `created_at`, `updated_at`) VALUES ('95', '5', '365', 'Tempore repellat error aut architecto culpa. Ut sit impedit ex laborum ullam voluptas. Consequatur expedita ducimus reiciendis perspiciatis temporibus.', 'omnis', 5328214, NULL, '1996-09-16 19:28:46', '2010-01-26 04:25:37');
INSERT INTO `media` (`id`, `media_type_id`, `user_id`, `body`, `filename`, `size`, `metadata`, `created_at`, `updated_at`) VALUES ('96', '6', '366', 'Nihil iusto dolorem beatae consectetur facere atque delectus. Ea earum aut provident ipsa id enim. Deleniti et sit et quod voluptatibus veritatis.', 'qui', 8643102, NULL, '1999-07-12 23:43:27', '1986-08-14 09:58:32');
INSERT INTO `media` (`id`, `media_type_id`, `user_id`, `body`, `filename`, `size`, `metadata`, `created_at`, `updated_at`) VALUES ('97', '7', '367', 'Possimus vel quis saepe animi dicta et nisi. Voluptas inventore ipsa eum et dolorem. Dolorem inventore facere porro doloremque. Perferendis eveniet quia nihil a odit et.', 'ex', 91278, NULL, '1998-11-04 07:47:23', '2015-03-25 21:20:40');
INSERT INTO `media` (`id`, `media_type_id`, `user_id`, `body`, `filename`, `size`, `metadata`, `created_at`, `updated_at`) VALUES ('98', '8', '368', 'Architecto saepe sunt aperiam aut quia maiores. Dolor id id et reiciendis.', 'exercitationem', 2469741, NULL, '1982-09-01 22:56:44', '1972-01-22 02:19:44');
INSERT INTO `media` (`id`, `media_type_id`, `user_id`, `body`, `filename`, `size`, `metadata`, `created_at`, `updated_at`) VALUES ('99', '9', '374', 'Facilis quis sunt dolorum maiores sapiente quam voluptatem. Soluta ab dicta eius provident consequatur est et. Atque voluptates quam corporis incidunt temporibus deleniti.', 'repellat', 409, NULL, '2000-10-20 20:09:40', '1985-10-22 20:43:28');
INSERT INTO `media` (`id`, `media_type_id`, `user_id`, `body`, `filename`, `size`, `metadata`, `created_at`, `updated_at`) VALUES ('100', '10', '375', 'Iusto velit quod totam. Voluptatem qui sed blanditiis sed. Minima laboriosam voluptatibus possimus ducimus voluptas quas. Neque impedit tempore fugit fugiat.', 'sed', 9, NULL, '1979-08-13 06:34:49', '2013-12-24 11:29:08');


#
# TABLE STRUCTURE FOR: media_likes
#

DROP TABLE IF EXISTS `media_likes`;

CREATE TABLE `media_likes` (
  `id` bigint(20) unsigned NOT NULL AUTO_INCREMENT,
  `user_id` bigint(20) unsigned NOT NULL,
  `media_id` bigint(20) unsigned NOT NULL,
  `created_at` datetime DEFAULT current_timestamp(),
  UNIQUE KEY `id` (`id`),
  KEY `user_id` (`user_id`),
  KEY `media_id` (`media_id`),
  CONSTRAINT `media_likes_ibfk_1` FOREIGN KEY (`user_id`) REFERENCES `users` (`id`),
  CONSTRAINT `media_likes_ibfk_2` FOREIGN KEY (`media_id`) REFERENCES `media` (`id`)
) ENGINE=InnoDB AUTO_INCREMENT=101 DEFAULT CHARSET=utf8mb4 COLLATE=utf8mb4_unicode_ci;

INSERT INTO `media_likes` (`id`, `user_id`, `media_id`, `created_at`) VALUES ('1', '201', '1', '2013-09-15 23:00:19');
INSERT INTO `media_likes` (`id`, `user_id`, `media_id`, `created_at`) VALUES ('2', '202', '2', '2019-11-03 05:18:42');
INSERT INTO `media_likes` (`id`, `user_id`, `media_id`, `created_at`) VALUES ('3', '205', '3', '2008-03-18 22:58:43');
INSERT INTO `media_likes` (`id`, `user_id`, `media_id`, `created_at`) VALUES ('4', '206', '4', '1971-05-17 14:46:33');
INSERT INTO `media_likes` (`id`, `user_id`, `media_id`, `created_at`) VALUES ('5', '208', '5', '2018-02-23 03:44:07');
INSERT INTO `media_likes` (`id`, `user_id`, `media_id`, `created_at`) VALUES ('6', '209', '6', '1999-12-04 13:55:22');
INSERT INTO `media_likes` (`id`, `user_id`, `media_id`, `created_at`) VALUES ('7', '211', '7', '2014-12-13 07:03:44');
INSERT INTO `media_likes` (`id`, `user_id`, `media_id`, `created_at`) VALUES ('8', '212', '8', '2011-11-21 11:46:31');
INSERT INTO `media_likes` (`id`, `user_id`, `media_id`, `created_at`) VALUES ('9', '217', '9', '1979-04-10 18:29:48');
INSERT INTO `media_likes` (`id`, `user_id`, `media_id`, `created_at`) VALUES ('10', '218', '10', '2021-01-21 10:28:03');
INSERT INTO `media_likes` (`id`, `user_id`, `media_id`, `created_at`) VALUES ('11', '220', '11', '2020-09-25 21:08:40');
INSERT INTO `media_likes` (`id`, `user_id`, `media_id`, `created_at`) VALUES ('12', '221', '12', '1983-04-07 06:28:17');
INSERT INTO `media_likes` (`id`, `user_id`, `media_id`, `created_at`) VALUES ('13', '224', '13', '1978-12-04 16:32:44');
INSERT INTO `media_likes` (`id`, `user_id`, `media_id`, `created_at`) VALUES ('14', '225', '14', '1980-04-12 20:51:30');
INSERT INTO `media_likes` (`id`, `user_id`, `media_id`, `created_at`) VALUES ('15', '226', '15', '1983-02-09 07:16:11');
INSERT INTO `media_likes` (`id`, `user_id`, `media_id`, `created_at`) VALUES ('16', '227', '16', '2020-09-29 13:03:20');
INSERT INTO `media_likes` (`id`, `user_id`, `media_id`, `created_at`) VALUES ('17', '229', '17', '2018-08-28 21:52:26');
INSERT INTO `media_likes` (`id`, `user_id`, `media_id`, `created_at`) VALUES ('18', '232', '18', '2001-03-17 16:27:33');
INSERT INTO `media_likes` (`id`, `user_id`, `media_id`, `created_at`) VALUES ('19', '233', '19', '1977-08-18 21:47:51');
INSERT INTO `media_likes` (`id`, `user_id`, `media_id`, `created_at`) VALUES ('20', '234', '20', '2020-08-19 12:49:57');
INSERT INTO `media_likes` (`id`, `user_id`, `media_id`, `created_at`) VALUES ('21', '235', '21', '2019-06-23 06:13:02');
INSERT INTO `media_likes` (`id`, `user_id`, `media_id`, `created_at`) VALUES ('22', '237', '22', '1991-08-31 13:58:51');
INSERT INTO `media_likes` (`id`, `user_id`, `media_id`, `created_at`) VALUES ('23', '238', '23', '2003-05-06 07:40:12');
INSERT INTO `media_likes` (`id`, `user_id`, `media_id`, `created_at`) VALUES ('24', '239', '24', '1982-02-28 20:07:12');
INSERT INTO `media_likes` (`id`, `user_id`, `media_id`, `created_at`) VALUES ('25', '241', '25', '1983-04-01 20:47:58');
INSERT INTO `media_likes` (`id`, `user_id`, `media_id`, `created_at`) VALUES ('26', '242', '26', '1970-08-30 08:12:21');
INSERT INTO `media_likes` (`id`, `user_id`, `media_id`, `created_at`) VALUES ('27', '243', '27', '2004-05-14 08:34:51');
INSERT INTO `media_likes` (`id`, `user_id`, `media_id`, `created_at`) VALUES ('28', '244', '28', '1983-06-10 02:44:19');
INSERT INTO `media_likes` (`id`, `user_id`, `media_id`, `created_at`) VALUES ('29', '246', '29', '2006-09-23 09:22:59');
INSERT INTO `media_likes` (`id`, `user_id`, `media_id`, `created_at`) VALUES ('30', '247', '30', '1980-09-03 22:08:22');
INSERT INTO `media_likes` (`id`, `user_id`, `media_id`, `created_at`) VALUES ('31', '250', '31', '1976-03-14 19:36:11');
INSERT INTO `media_likes` (`id`, `user_id`, `media_id`, `created_at`) VALUES ('32', '252', '32', '1994-09-26 06:23:54');
INSERT INTO `media_likes` (`id`, `user_id`, `media_id`, `created_at`) VALUES ('33', '254', '33', '1973-10-23 04:15:02');
INSERT INTO `media_likes` (`id`, `user_id`, `media_id`, `created_at`) VALUES ('34', '256', '34', '1993-01-12 19:13:37');
INSERT INTO `media_likes` (`id`, `user_id`, `media_id`, `created_at`) VALUES ('35', '257', '35', '1972-11-05 18:19:01');
INSERT INTO `media_likes` (`id`, `user_id`, `media_id`, `created_at`) VALUES ('36', '258', '36', '2015-01-20 15:21:22');
INSERT INTO `media_likes` (`id`, `user_id`, `media_id`, `created_at`) VALUES ('37', '261', '37', '2002-09-07 08:11:36');
INSERT INTO `media_likes` (`id`, `user_id`, `media_id`, `created_at`) VALUES ('38', '262', '38', '1976-02-01 04:33:16');
INSERT INTO `media_likes` (`id`, `user_id`, `media_id`, `created_at`) VALUES ('39', '263', '39', '2018-06-22 19:54:32');
INSERT INTO `media_likes` (`id`, `user_id`, `media_id`, `created_at`) VALUES ('40', '265', '40', '2008-05-01 04:42:02');
INSERT INTO `media_likes` (`id`, `user_id`, `media_id`, `created_at`) VALUES ('41', '266', '41', '1989-01-22 06:19:06');
INSERT INTO `media_likes` (`id`, `user_id`, `media_id`, `created_at`) VALUES ('42', '268', '42', '1975-03-18 11:32:04');
INSERT INTO `media_likes` (`id`, `user_id`, `media_id`, `created_at`) VALUES ('43', '270', '43', '2011-10-07 08:54:42');
INSERT INTO `media_likes` (`id`, `user_id`, `media_id`, `created_at`) VALUES ('44', '271', '44', '1970-12-31 13:41:21');
INSERT INTO `media_likes` (`id`, `user_id`, `media_id`, `created_at`) VALUES ('45', '272', '45', '1980-06-16 04:44:00');
INSERT INTO `media_likes` (`id`, `user_id`, `media_id`, `created_at`) VALUES ('46', '274', '46', '1974-10-21 04:14:39');
INSERT INTO `media_likes` (`id`, `user_id`, `media_id`, `created_at`) VALUES ('47', '276', '47', '1998-08-05 14:57:16');
INSERT INTO `media_likes` (`id`, `user_id`, `media_id`, `created_at`) VALUES ('48', '277', '48', '2007-05-31 19:08:10');
INSERT INTO `media_likes` (`id`, `user_id`, `media_id`, `created_at`) VALUES ('49', '278', '49', '1978-11-28 05:21:39');
INSERT INTO `media_likes` (`id`, `user_id`, `media_id`, `created_at`) VALUES ('50', '280', '50', '2003-11-28 20:17:01');
INSERT INTO `media_likes` (`id`, `user_id`, `media_id`, `created_at`) VALUES ('51', '286', '51', '1986-12-02 13:01:50');
INSERT INTO `media_likes` (`id`, `user_id`, `media_id`, `created_at`) VALUES ('52', '287', '52', '2009-03-12 13:34:00');
INSERT INTO `media_likes` (`id`, `user_id`, `media_id`, `created_at`) VALUES ('53', '289', '53', '1999-11-09 04:37:48');
INSERT INTO `media_likes` (`id`, `user_id`, `media_id`, `created_at`) VALUES ('54', '291', '54', '1986-01-20 01:21:01');
INSERT INTO `media_likes` (`id`, `user_id`, `media_id`, `created_at`) VALUES ('55', '294', '55', '2017-02-06 08:48:06');
INSERT INTO `media_likes` (`id`, `user_id`, `media_id`, `created_at`) VALUES ('56', '295', '56', '2019-08-31 21:01:32');
INSERT INTO `media_likes` (`id`, `user_id`, `media_id`, `created_at`) VALUES ('57', '297', '57', '1996-08-25 17:35:38');
INSERT INTO `media_likes` (`id`, `user_id`, `media_id`, `created_at`) VALUES ('58', '299', '58', '2018-05-06 00:19:12');
INSERT INTO `media_likes` (`id`, `user_id`, `media_id`, `created_at`) VALUES ('59', '300', '59', '2007-05-01 19:11:51');
INSERT INTO `media_likes` (`id`, `user_id`, `media_id`, `created_at`) VALUES ('60', '302', '60', '2013-01-19 23:29:11');
INSERT INTO `media_likes` (`id`, `user_id`, `media_id`, `created_at`) VALUES ('61', '306', '61', '2000-04-10 05:35:00');
INSERT INTO `media_likes` (`id`, `user_id`, `media_id`, `created_at`) VALUES ('62', '307', '62', '2007-03-25 03:53:31');
INSERT INTO `media_likes` (`id`, `user_id`, `media_id`, `created_at`) VALUES ('63', '309', '63', '1986-07-16 10:47:28');
INSERT INTO `media_likes` (`id`, `user_id`, `media_id`, `created_at`) VALUES ('64', '310', '64', '1983-08-21 13:25:14');
INSERT INTO `media_likes` (`id`, `user_id`, `media_id`, `created_at`) VALUES ('65', '311', '65', '1994-07-24 08:41:55');
INSERT INTO `media_likes` (`id`, `user_id`, `media_id`, `created_at`) VALUES ('66', '312', '66', '2011-06-26 13:42:51');
INSERT INTO `media_likes` (`id`, `user_id`, `media_id`, `created_at`) VALUES ('67', '315', '67', '1991-05-17 19:57:04');
INSERT INTO `media_likes` (`id`, `user_id`, `media_id`, `created_at`) VALUES ('68', '319', '68', '1971-12-01 07:17:08');
INSERT INTO `media_likes` (`id`, `user_id`, `media_id`, `created_at`) VALUES ('69', '321', '69', '1988-04-30 00:23:26');
INSERT INTO `media_likes` (`id`, `user_id`, `media_id`, `created_at`) VALUES ('70', '323', '70', '1972-02-29 16:54:45');
INSERT INTO `media_likes` (`id`, `user_id`, `media_id`, `created_at`) VALUES ('71', '325', '71', '1992-11-30 05:42:36');
INSERT INTO `media_likes` (`id`, `user_id`, `media_id`, `created_at`) VALUES ('72', '326', '72', '2014-01-03 09:26:41');
INSERT INTO `media_likes` (`id`, `user_id`, `media_id`, `created_at`) VALUES ('73', '328', '73', '1981-08-14 20:10:20');
INSERT INTO `media_likes` (`id`, `user_id`, `media_id`, `created_at`) VALUES ('74', '332', '74', '2009-03-11 21:02:48');
INSERT INTO `media_likes` (`id`, `user_id`, `media_id`, `created_at`) VALUES ('75', '335', '75', '2016-11-28 14:34:01');
INSERT INTO `media_likes` (`id`, `user_id`, `media_id`, `created_at`) VALUES ('76', '337', '76', '1974-07-20 11:23:32');
INSERT INTO `media_likes` (`id`, `user_id`, `media_id`, `created_at`) VALUES ('77', '338', '77', '1978-01-20 09:30:14');
INSERT INTO `media_likes` (`id`, `user_id`, `media_id`, `created_at`) VALUES ('78', '339', '78', '1982-03-11 01:32:29');
INSERT INTO `media_likes` (`id`, `user_id`, `media_id`, `created_at`) VALUES ('79', '342', '79', '2006-06-24 15:26:29');
INSERT INTO `media_likes` (`id`, `user_id`, `media_id`, `created_at`) VALUES ('80', '344', '80', '2013-02-01 17:55:52');
INSERT INTO `media_likes` (`id`, `user_id`, `media_id`, `created_at`) VALUES ('81', '345', '81', '1972-12-09 11:20:52');
INSERT INTO `media_likes` (`id`, `user_id`, `media_id`, `created_at`) VALUES ('82', '347', '82', '2011-06-17 10:48:39');
INSERT INTO `media_likes` (`id`, `user_id`, `media_id`, `created_at`) VALUES ('83', '349', '83', '1977-11-29 10:26:24');
INSERT INTO `media_likes` (`id`, `user_id`, `media_id`, `created_at`) VALUES ('84', '350', '84', '1977-03-02 13:27:19');
INSERT INTO `media_likes` (`id`, `user_id`, `media_id`, `created_at`) VALUES ('85', '352', '85', '1990-09-11 19:32:37');
INSERT INTO `media_likes` (`id`, `user_id`, `media_id`, `created_at`) VALUES ('86', '355', '86', '2004-01-21 23:25:35');
INSERT INTO `media_likes` (`id`, `user_id`, `media_id`, `created_at`) VALUES ('87', '356', '87', '1971-11-25 05:01:12');
INSERT INTO `media_likes` (`id`, `user_id`, `media_id`, `created_at`) VALUES ('88', '357', '88', '1982-07-09 10:02:11');
INSERT INTO `media_likes` (`id`, `user_id`, `media_id`, `created_at`) VALUES ('89', '358', '89', '1984-09-28 01:01:12');
INSERT INTO `media_likes` (`id`, `user_id`, `media_id`, `created_at`) VALUES ('90', '359', '90', '1984-04-15 05:11:05');
INSERT INTO `media_likes` (`id`, `user_id`, `media_id`, `created_at`) VALUES ('91', '360', '91', '1987-05-13 11:38:46');
INSERT INTO `media_likes` (`id`, `user_id`, `media_id`, `created_at`) VALUES ('92', '361', '92', '1986-06-14 23:39:41');
INSERT INTO `media_likes` (`id`, `user_id`, `media_id`, `created_at`) VALUES ('93', '362', '93', '1977-11-28 02:19:44');
INSERT INTO `media_likes` (`id`, `user_id`, `media_id`, `created_at`) VALUES ('94', '364', '94', '2005-09-03 00:34:43');
INSERT INTO `media_likes` (`id`, `user_id`, `media_id`, `created_at`) VALUES ('95', '365', '95', '1990-11-17 02:19:53');
INSERT INTO `media_likes` (`id`, `user_id`, `media_id`, `created_at`) VALUES ('96', '366', '96', '1992-12-04 13:56:42');
INSERT INTO `media_likes` (`id`, `user_id`, `media_id`, `created_at`) VALUES ('97', '367', '97', '2016-07-25 22:58:05');
INSERT INTO `media_likes` (`id`, `user_id`, `media_id`, `created_at`) VALUES ('98', '368', '98', '1994-06-30 22:14:24');
INSERT INTO `media_likes` (`id`, `user_id`, `media_id`, `created_at`) VALUES ('99', '374', '99', '1987-01-28 05:20:29');
INSERT INTO `media_likes` (`id`, `user_id`, `media_id`, `created_at`) VALUES ('100', '375', '100', '1974-11-24 03:17:28');


#
# TABLE STRUCTURE FOR: media_types
#

DROP TABLE IF EXISTS `media_types`;

CREATE TABLE `media_types` (
  `id` bigint(20) unsigned NOT NULL AUTO_INCREMENT,
  `name` varchar(255) COLLATE utf8mb4_unicode_ci DEFAULT NULL,
  `created_at` datetime DEFAULT current_timestamp(),
  `updated_at` datetime DEFAULT NULL ON UPDATE current_timestamp(),
  UNIQUE KEY `id` (`id`)
) ENGINE=InnoDB AUTO_INCREMENT=11 DEFAULT CHARSET=utf8mb4 COLLATE=utf8mb4_unicode_ci;

INSERT INTO `media_types` (`id`, `name`, `created_at`, `updated_at`) VALUES ('1', 'quia', '2005-08-14 11:00:43', '1975-05-27 02:59:56');
INSERT INTO `media_types` (`id`, `name`, `created_at`, `updated_at`) VALUES ('2', 'rerum', '1976-01-10 00:10:54', '1980-06-11 09:08:00');
INSERT INTO `media_types` (`id`, `name`, `created_at`, `updated_at`) VALUES ('3', 'tempore', '2018-01-20 13:12:21', '1972-03-14 23:51:22');
INSERT INTO `media_types` (`id`, `name`, `created_at`, `updated_at`) VALUES ('4', 'eaque', '2010-01-22 11:12:51', '2004-05-20 00:27:24');
INSERT INTO `media_types` (`id`, `name`, `created_at`, `updated_at`) VALUES ('5', 'occaecati', '2006-01-29 01:02:45', '1998-07-14 16:19:14');
INSERT INTO `media_types` (`id`, `name`, `created_at`, `updated_at`) VALUES ('6', 'voluptates', '1979-11-24 05:24:44', '1972-10-20 21:02:23');
INSERT INTO `media_types` (`id`, `name`, `created_at`, `updated_at`) VALUES ('7', 'hic', '2003-03-06 18:09:42', '1985-01-02 06:48:12');
INSERT INTO `media_types` (`id`, `name`, `created_at`, `updated_at`) VALUES ('8', 'ut', '1987-06-20 13:31:20', '1990-04-17 21:15:14');
INSERT INTO `media_types` (`id`, `name`, `created_at`, `updated_at`) VALUES ('9', 'aspernatur', '2012-09-08 19:14:06', '1979-09-21 18:02:30');
INSERT INTO `media_types` (`id`, `name`, `created_at`, `updated_at`) VALUES ('10', 'reiciendis', '1976-05-20 04:27:58', '1981-04-11 12:31:26');


#
# TABLE STRUCTURE FOR: message_likes
#

DROP TABLE IF EXISTS `message_likes`;

CREATE TABLE `message_likes` (
  `id` bigint(20) unsigned NOT NULL AUTO_INCREMENT,
  `user_id` bigint(20) unsigned NOT NULL,
  `message_id` bigint(20) unsigned NOT NULL,
  `created_at` datetime DEFAULT current_timestamp(),
  UNIQUE KEY `id` (`id`),
  KEY `user_id` (`user_id`),
  KEY `message_id` (`message_id`),
  CONSTRAINT `message_likes_ibfk_1` FOREIGN KEY (`user_id`) REFERENCES `users` (`id`),
  CONSTRAINT `message_likes_ibfk_2` FOREIGN KEY (`message_id`) REFERENCES `messages` (`id`)
) ENGINE=InnoDB AUTO_INCREMENT=101 DEFAULT CHARSET=utf8mb4 COLLATE=utf8mb4_unicode_ci;

INSERT INTO `message_likes` (`id`, `user_id`, `message_id`, `created_at`) VALUES ('1', '201', '1', '2005-12-28 11:22:03');
INSERT INTO `message_likes` (`id`, `user_id`, `message_id`, `created_at`) VALUES ('2', '202', '2', '2003-11-29 17:49:10');
INSERT INTO `message_likes` (`id`, `user_id`, `message_id`, `created_at`) VALUES ('3', '205', '3', '2017-11-06 13:21:16');
INSERT INTO `message_likes` (`id`, `user_id`, `message_id`, `created_at`) VALUES ('4', '206', '4', '1991-09-05 22:40:34');
INSERT INTO `message_likes` (`id`, `user_id`, `message_id`, `created_at`) VALUES ('5', '208', '5', '1996-08-30 09:31:12');
INSERT INTO `message_likes` (`id`, `user_id`, `message_id`, `created_at`) VALUES ('6', '209', '6', '2003-02-19 01:44:36');
INSERT INTO `message_likes` (`id`, `user_id`, `message_id`, `created_at`) VALUES ('7', '211', '7', '1976-09-21 21:50:07');
INSERT INTO `message_likes` (`id`, `user_id`, `message_id`, `created_at`) VALUES ('8', '212', '8', '2014-11-11 15:34:36');
INSERT INTO `message_likes` (`id`, `user_id`, `message_id`, `created_at`) VALUES ('9', '217', '9', '2012-09-08 02:00:12');
INSERT INTO `message_likes` (`id`, `user_id`, `message_id`, `created_at`) VALUES ('10', '218', '10', '1979-02-20 16:31:39');
INSERT INTO `message_likes` (`id`, `user_id`, `message_id`, `created_at`) VALUES ('11', '220', '11', '1980-01-16 07:29:18');
INSERT INTO `message_likes` (`id`, `user_id`, `message_id`, `created_at`) VALUES ('12', '221', '12', '2017-02-18 22:42:01');
INSERT INTO `message_likes` (`id`, `user_id`, `message_id`, `created_at`) VALUES ('13', '224', '13', '1982-02-02 07:12:15');
INSERT INTO `message_likes` (`id`, `user_id`, `message_id`, `created_at`) VALUES ('14', '225', '14', '2014-08-25 08:31:14');
INSERT INTO `message_likes` (`id`, `user_id`, `message_id`, `created_at`) VALUES ('15', '226', '15', '1976-12-08 04:52:32');
INSERT INTO `message_likes` (`id`, `user_id`, `message_id`, `created_at`) VALUES ('16', '227', '16', '1981-08-13 05:58:00');
INSERT INTO `message_likes` (`id`, `user_id`, `message_id`, `created_at`) VALUES ('17', '229', '17', '1983-08-06 04:10:29');
INSERT INTO `message_likes` (`id`, `user_id`, `message_id`, `created_at`) VALUES ('18', '232', '18', '2001-08-01 19:25:07');
INSERT INTO `message_likes` (`id`, `user_id`, `message_id`, `created_at`) VALUES ('19', '233', '19', '1991-03-18 21:38:27');
INSERT INTO `message_likes` (`id`, `user_id`, `message_id`, `created_at`) VALUES ('20', '234', '20', '1977-05-08 18:58:38');
INSERT INTO `message_likes` (`id`, `user_id`, `message_id`, `created_at`) VALUES ('21', '235', '21', '1986-11-09 23:06:54');
INSERT INTO `message_likes` (`id`, `user_id`, `message_id`, `created_at`) VALUES ('22', '237', '22', '1995-04-23 14:45:06');
INSERT INTO `message_likes` (`id`, `user_id`, `message_id`, `created_at`) VALUES ('23', '238', '23', '1975-12-10 23:32:47');
INSERT INTO `message_likes` (`id`, `user_id`, `message_id`, `created_at`) VALUES ('24', '239', '24', '1980-01-14 06:36:43');
INSERT INTO `message_likes` (`id`, `user_id`, `message_id`, `created_at`) VALUES ('25', '241', '25', '2007-10-18 16:40:13');
INSERT INTO `message_likes` (`id`, `user_id`, `message_id`, `created_at`) VALUES ('26', '242', '26', '1984-04-28 12:25:36');
INSERT INTO `message_likes` (`id`, `user_id`, `message_id`, `created_at`) VALUES ('27', '243', '27', '1982-10-05 14:14:45');
INSERT INTO `message_likes` (`id`, `user_id`, `message_id`, `created_at`) VALUES ('28', '244', '28', '1983-12-18 05:15:27');
INSERT INTO `message_likes` (`id`, `user_id`, `message_id`, `created_at`) VALUES ('29', '246', '29', '2002-11-22 19:16:32');
INSERT INTO `message_likes` (`id`, `user_id`, `message_id`, `created_at`) VALUES ('30', '247', '30', '1974-02-06 16:41:49');
INSERT INTO `message_likes` (`id`, `user_id`, `message_id`, `created_at`) VALUES ('31', '250', '31', '1974-10-02 18:48:40');
INSERT INTO `message_likes` (`id`, `user_id`, `message_id`, `created_at`) VALUES ('32', '252', '32', '2017-08-05 13:46:03');
INSERT INTO `message_likes` (`id`, `user_id`, `message_id`, `created_at`) VALUES ('33', '254', '33', '1983-08-23 19:23:27');
INSERT INTO `message_likes` (`id`, `user_id`, `message_id`, `created_at`) VALUES ('34', '256', '34', '2013-05-08 13:43:11');
INSERT INTO `message_likes` (`id`, `user_id`, `message_id`, `created_at`) VALUES ('35', '257', '35', '1990-04-11 22:03:52');
INSERT INTO `message_likes` (`id`, `user_id`, `message_id`, `created_at`) VALUES ('36', '258', '36', '1985-01-31 00:29:46');
INSERT INTO `message_likes` (`id`, `user_id`, `message_id`, `created_at`) VALUES ('37', '261', '37', '1999-12-16 21:55:54');
INSERT INTO `message_likes` (`id`, `user_id`, `message_id`, `created_at`) VALUES ('38', '262', '38', '1980-07-17 22:29:48');
INSERT INTO `message_likes` (`id`, `user_id`, `message_id`, `created_at`) VALUES ('39', '263', '39', '1976-07-14 14:44:07');
INSERT INTO `message_likes` (`id`, `user_id`, `message_id`, `created_at`) VALUES ('40', '265', '40', '1991-04-02 15:41:31');
INSERT INTO `message_likes` (`id`, `user_id`, `message_id`, `created_at`) VALUES ('41', '266', '41', '1974-03-17 10:59:54');
INSERT INTO `message_likes` (`id`, `user_id`, `message_id`, `created_at`) VALUES ('42', '268', '42', '2007-03-10 03:05:25');
INSERT INTO `message_likes` (`id`, `user_id`, `message_id`, `created_at`) VALUES ('43', '270', '43', '2011-04-15 21:31:05');
INSERT INTO `message_likes` (`id`, `user_id`, `message_id`, `created_at`) VALUES ('44', '271', '44', '2017-10-13 08:57:13');
INSERT INTO `message_likes` (`id`, `user_id`, `message_id`, `created_at`) VALUES ('45', '272', '45', '2010-10-12 06:57:13');
INSERT INTO `message_likes` (`id`, `user_id`, `message_id`, `created_at`) VALUES ('46', '274', '46', '2009-06-01 21:29:38');
INSERT INTO `message_likes` (`id`, `user_id`, `message_id`, `created_at`) VALUES ('47', '276', '47', '1987-07-31 01:50:02');
INSERT INTO `message_likes` (`id`, `user_id`, `message_id`, `created_at`) VALUES ('48', '277', '48', '1970-01-10 14:15:47');
INSERT INTO `message_likes` (`id`, `user_id`, `message_id`, `created_at`) VALUES ('49', '278', '49', '1993-05-07 16:40:15');
INSERT INTO `message_likes` (`id`, `user_id`, `message_id`, `created_at`) VALUES ('50', '280', '50', '2016-05-29 08:39:31');
INSERT INTO `message_likes` (`id`, `user_id`, `message_id`, `created_at`) VALUES ('51', '286', '51', '2001-03-23 03:34:51');
INSERT INTO `message_likes` (`id`, `user_id`, `message_id`, `created_at`) VALUES ('52', '287', '52', '2017-10-21 16:30:14');
INSERT INTO `message_likes` (`id`, `user_id`, `message_id`, `created_at`) VALUES ('53', '289', '53', '1989-12-14 16:38:03');
INSERT INTO `message_likes` (`id`, `user_id`, `message_id`, `created_at`) VALUES ('54', '291', '54', '1991-01-09 01:42:31');
INSERT INTO `message_likes` (`id`, `user_id`, `message_id`, `created_at`) VALUES ('55', '294', '55', '2007-02-15 17:18:05');
INSERT INTO `message_likes` (`id`, `user_id`, `message_id`, `created_at`) VALUES ('56', '295', '56', '1998-10-11 11:27:38');
INSERT INTO `message_likes` (`id`, `user_id`, `message_id`, `created_at`) VALUES ('57', '297', '57', '1988-10-21 12:05:43');
INSERT INTO `message_likes` (`id`, `user_id`, `message_id`, `created_at`) VALUES ('58', '299', '58', '2019-04-20 19:17:07');
INSERT INTO `message_likes` (`id`, `user_id`, `message_id`, `created_at`) VALUES ('59', '300', '59', '1972-07-15 03:33:09');
INSERT INTO `message_likes` (`id`, `user_id`, `message_id`, `created_at`) VALUES ('60', '302', '60', '2010-11-15 02:34:10');
INSERT INTO `message_likes` (`id`, `user_id`, `message_id`, `created_at`) VALUES ('61', '306', '61', '1987-12-10 02:26:48');
INSERT INTO `message_likes` (`id`, `user_id`, `message_id`, `created_at`) VALUES ('62', '307', '62', '1985-10-04 10:19:00');
INSERT INTO `message_likes` (`id`, `user_id`, `message_id`, `created_at`) VALUES ('63', '309', '63', '1973-01-31 03:57:49');
INSERT INTO `message_likes` (`id`, `user_id`, `message_id`, `created_at`) VALUES ('64', '310', '64', '2019-05-07 14:58:20');
INSERT INTO `message_likes` (`id`, `user_id`, `message_id`, `created_at`) VALUES ('65', '311', '65', '1977-02-13 20:02:53');
INSERT INTO `message_likes` (`id`, `user_id`, `message_id`, `created_at`) VALUES ('66', '312', '66', '2009-12-29 21:53:13');
INSERT INTO `message_likes` (`id`, `user_id`, `message_id`, `created_at`) VALUES ('67', '315', '67', '1983-11-21 10:01:16');
INSERT INTO `message_likes` (`id`, `user_id`, `message_id`, `created_at`) VALUES ('68', '319', '68', '1998-04-17 01:55:10');
INSERT INTO `message_likes` (`id`, `user_id`, `message_id`, `created_at`) VALUES ('69', '321', '69', '1975-12-23 05:47:50');
INSERT INTO `message_likes` (`id`, `user_id`, `message_id`, `created_at`) VALUES ('70', '323', '70', '1980-01-22 20:04:06');
INSERT INTO `message_likes` (`id`, `user_id`, `message_id`, `created_at`) VALUES ('71', '325', '71', '1985-11-07 23:02:27');
INSERT INTO `message_likes` (`id`, `user_id`, `message_id`, `created_at`) VALUES ('72', '326', '72', '1970-12-18 01:47:51');
INSERT INTO `message_likes` (`id`, `user_id`, `message_id`, `created_at`) VALUES ('73', '328', '73', '2000-09-28 04:49:44');
INSERT INTO `message_likes` (`id`, `user_id`, `message_id`, `created_at`) VALUES ('74', '332', '74', '1983-05-03 20:45:55');
INSERT INTO `message_likes` (`id`, `user_id`, `message_id`, `created_at`) VALUES ('75', '335', '75', '2016-11-15 11:50:41');
INSERT INTO `message_likes` (`id`, `user_id`, `message_id`, `created_at`) VALUES ('76', '337', '76', '1999-05-15 15:18:01');
INSERT INTO `message_likes` (`id`, `user_id`, `message_id`, `created_at`) VALUES ('77', '338', '77', '1996-12-04 22:04:41');
INSERT INTO `message_likes` (`id`, `user_id`, `message_id`, `created_at`) VALUES ('78', '339', '78', '1978-01-24 14:14:10');
INSERT INTO `message_likes` (`id`, `user_id`, `message_id`, `created_at`) VALUES ('79', '342', '79', '1993-11-01 04:12:03');
INSERT INTO `message_likes` (`id`, `user_id`, `message_id`, `created_at`) VALUES ('80', '344', '80', '2007-10-27 06:14:14');
INSERT INTO `message_likes` (`id`, `user_id`, `message_id`, `created_at`) VALUES ('81', '345', '81', '1982-03-20 08:34:50');
INSERT INTO `message_likes` (`id`, `user_id`, `message_id`, `created_at`) VALUES ('82', '347', '82', '2016-03-03 17:28:23');
INSERT INTO `message_likes` (`id`, `user_id`, `message_id`, `created_at`) VALUES ('83', '349', '83', '2018-12-14 04:58:58');
INSERT INTO `message_likes` (`id`, `user_id`, `message_id`, `created_at`) VALUES ('84', '350', '84', '2019-04-16 17:13:05');
INSERT INTO `message_likes` (`id`, `user_id`, `message_id`, `created_at`) VALUES ('85', '352', '85', '1974-08-01 03:42:31');
INSERT INTO `message_likes` (`id`, `user_id`, `message_id`, `created_at`) VALUES ('86', '355', '86', '1998-12-19 03:51:47');
INSERT INTO `message_likes` (`id`, `user_id`, `message_id`, `created_at`) VALUES ('87', '356', '87', '2001-09-06 17:04:51');
INSERT INTO `message_likes` (`id`, `user_id`, `message_id`, `created_at`) VALUES ('88', '357', '88', '2015-11-07 09:42:48');
INSERT INTO `message_likes` (`id`, `user_id`, `message_id`, `created_at`) VALUES ('89', '358', '89', '1992-01-07 02:36:34');
INSERT INTO `message_likes` (`id`, `user_id`, `message_id`, `created_at`) VALUES ('90', '359', '90', '2014-09-01 09:26:10');
INSERT INTO `message_likes` (`id`, `user_id`, `message_id`, `created_at`) VALUES ('91', '360', '91', '1972-12-01 18:49:03');
INSERT INTO `message_likes` (`id`, `user_id`, `message_id`, `created_at`) VALUES ('92', '361', '92', '1979-04-06 22:14:39');
INSERT INTO `message_likes` (`id`, `user_id`, `message_id`, `created_at`) VALUES ('93', '362', '93', '1998-04-21 12:06:30');
INSERT INTO `message_likes` (`id`, `user_id`, `message_id`, `created_at`) VALUES ('94', '364', '94', '2017-08-24 10:23:07');
INSERT INTO `message_likes` (`id`, `user_id`, `message_id`, `created_at`) VALUES ('95', '365', '95', '1999-07-28 11:03:45');
INSERT INTO `message_likes` (`id`, `user_id`, `message_id`, `created_at`) VALUES ('96', '366', '96', '2016-05-28 02:40:15');
INSERT INTO `message_likes` (`id`, `user_id`, `message_id`, `created_at`) VALUES ('97', '367', '97', '2000-04-30 02:30:08');
INSERT INTO `message_likes` (`id`, `user_id`, `message_id`, `created_at`) VALUES ('98', '368', '98', '1977-12-13 00:00:18');
INSERT INTO `message_likes` (`id`, `user_id`, `message_id`, `created_at`) VALUES ('99', '374', '99', '1987-10-01 16:08:27');
INSERT INTO `message_likes` (`id`, `user_id`, `message_id`, `created_at`) VALUES ('100', '375', '100', '1980-03-28 17:57:31');


#
# TABLE STRUCTURE FOR: messages
#

DROP TABLE IF EXISTS `messages`;

CREATE TABLE `messages` (
  `id` bigint(20) unsigned NOT NULL AUTO_INCREMENT,
  `from_user_id` bigint(20) unsigned NOT NULL,
  `to_user_id` bigint(20) unsigned NOT NULL,
  `body` text COLLATE utf8mb4_unicode_ci DEFAULT NULL,
  `created_at` datetime DEFAULT current_timestamp(),
  UNIQUE KEY `id` (`id`),
  KEY `from_user_id` (`from_user_id`),
  KEY `to_user_id` (`to_user_id`),
  CONSTRAINT `messages_ibfk_1` FOREIGN KEY (`from_user_id`) REFERENCES `users` (`id`),
  CONSTRAINT `messages_ibfk_2` FOREIGN KEY (`to_user_id`) REFERENCES `users` (`id`)
) ENGINE=InnoDB AUTO_INCREMENT=101 DEFAULT CHARSET=utf8mb4 COLLATE=utf8mb4_unicode_ci;

INSERT INTO `messages` (`id`, `from_user_id`, `to_user_id`, `body`, `created_at`) VALUES ('1', '225', '218', 'Ratione aut facilis illum consequatur illum et. Debitis ut culpa quia quia doloremque. Animi repellendus accusamus voluptatum est iure.', '2017-07-06 07:01:16');
INSERT INTO `messages` (`id`, `from_user_id`, `to_user_id`, `body`, `created_at`) VALUES ('2', '265', '287', 'Et alias magni laudantium voluptatem aut magni. Quia aut quae amet asperiores. Est accusamus id dolores qui iure perspiciatis.', '1978-05-24 05:24:22');
INSERT INTO `messages` (`id`, `from_user_id`, `to_user_id`, `body`, `created_at`) VALUES ('3', '302', '272', 'Eos in odio est debitis ut voluptate. Sit est et aspernatur sed. Ipsam asperiores eaque consequatur sit et quod. Id autem et dolor dolor eaque.', '1971-03-03 15:56:40');
INSERT INTO `messages` (`id`, `from_user_id`, `to_user_id`, `body`, `created_at`) VALUES ('4', '244', '319', 'Neque et non et veritatis illo. Harum rerum id quia sint consequatur.', '2008-04-16 00:27:31');
INSERT INTO `messages` (`id`, `from_user_id`, `to_user_id`, `body`, `created_at`) VALUES ('5', '280', '361', 'Enim illo sit enim quis quas. Incidunt dolores sequi iste inventore libero. Nesciunt aliquam ratione natus magnam quisquam.', '1999-09-26 03:11:45');
INSERT INTO `messages` (`id`, `from_user_id`, `to_user_id`, `body`, `created_at`) VALUES ('6', '254', '374', 'Facere at soluta qui debitis. Sit similique neque suscipit amet magnam. Eaque blanditiis est aliquam recusandae voluptatem. Quam adipisci quia et perspiciatis deserunt doloribus.', '1992-11-03 10:58:48');
INSERT INTO `messages` (`id`, `from_user_id`, `to_user_id`, `body`, `created_at`) VALUES ('7', '291', '221', 'Aut autem corporis voluptate. Repellat consectetur modi vitae voluptatem eligendi odit dolorem. Sed dolor veniam enim tempora sint.', '1975-06-09 01:33:00');
INSERT INTO `messages` (`id`, `from_user_id`, `to_user_id`, `body`, `created_at`) VALUES ('8', '242', '357', 'Autem velit est minus. At itaque aut placeat placeat dolorem. Repellendus ipsum quidem temporibus qui. Ducimus itaque deleniti laboriosam tenetur perferendis impedit sed. Autem provident dolorem officia ab.', '2007-02-10 13:40:04');
INSERT INTO `messages` (`id`, `from_user_id`, `to_user_id`, `body`, `created_at`) VALUES ('9', '302', '217', 'Omnis laudantium officia quia veritatis dolorem id autem. Ut vel nostrum id voluptatem aut inventore eligendi. Maxime porro officiis id ut necessitatibus laborum consequatur. Facilis aspernatur illum pariatur ipsa occaecati.', '1983-01-27 04:18:22');
INSERT INTO `messages` (`id`, `from_user_id`, `to_user_id`, `body`, `created_at`) VALUES ('10', '258', '262', 'Dignissimos magni dolorem sunt dolores tenetur delectus ipsum. Quidem perspiciatis molestiae quis provident consequatur rerum commodi atque. Magni officia dolor laudantium explicabo sed eos unde iure.', '1995-06-26 15:10:01');
INSERT INTO `messages` (`id`, `from_user_id`, `to_user_id`, `body`, `created_at`) VALUES ('11', '226', '368', 'Voluptates aperiam ipsa alias ducimus est placeat. Nulla itaque facilis ut qui facilis est voluptatem. Eos libero voluptatem atque exercitationem.', '1979-11-30 16:38:29');
INSERT INTO `messages` (`id`, `from_user_id`, `to_user_id`, `body`, `created_at`) VALUES ('12', '350', '297', 'Eum accusamus dolores iure aut. Soluta corporis quasi eveniet asperiores libero et dolore. Laudantium neque quidem fugiat eos. Impedit asperiores culpa tenetur. Sint voluptatum voluptatem velit qui vero ipsam ea.', '1971-11-24 13:38:25');
INSERT INTO `messages` (`id`, `from_user_id`, `to_user_id`, `body`, `created_at`) VALUES ('13', '364', '312', 'Distinctio est blanditiis blanditiis placeat est laudantium perferendis. Deleniti eum libero autem unde vel doloribus dolore. Dolorum aut ut blanditiis.', '2014-11-30 19:31:03');
INSERT INTO `messages` (`id`, `from_user_id`, `to_user_id`, `body`, `created_at`) VALUES ('14', '232', '300', 'Praesentium unde est omnis dicta est voluptatem omnis. Occaecati dolor libero magnam vero odit. Adipisci excepturi quia eius quo nam.', '1980-10-03 14:49:52');
INSERT INTO `messages` (`id`, `from_user_id`, `to_user_id`, `body`, `created_at`) VALUES ('15', '266', '306', 'Reiciendis animi numquam necessitatibus vel nihil placeat fuga. Commodi aliquam sit dolores doloremque. Maiores nihil doloribus quis velit. Ab inventore consequatur nostrum quo omnis et.', '1987-02-06 17:53:06');
INSERT INTO `messages` (`id`, `from_user_id`, `to_user_id`, `body`, `created_at`) VALUES ('16', '355', '294', 'Et et illo veritatis quidem accusamus neque facilis fugiat. Debitis quam sapiente sed quia dolore saepe beatae. Ducimus tempore ullam omnis est distinctio.', '2004-05-24 23:45:30');
INSERT INTO `messages` (`id`, `from_user_id`, `to_user_id`, `body`, `created_at`) VALUES ('17', '323', '220', 'Et distinctio velit accusamus eum id ut. Perspiciatis vero pariatur debitis et ut et.', '1970-12-15 10:52:07');
INSERT INTO `messages` (`id`, `from_user_id`, `to_user_id`, `body`, `created_at`) VALUES ('18', '387', '226', 'At eos id exercitationem enim quia unde. Ut corrupti ut vel quae fugit et. Est eum illum optio.', '1981-09-21 20:19:58');
INSERT INTO `messages` (`id`, `from_user_id`, `to_user_id`, `body`, `created_at`) VALUES ('19', '294', '232', 'Sunt quo qui aut eos dolor vel quisquam mollitia. Quos aut ex dicta illum repudiandae. Voluptates illum est est. Molestiae deleniti facilis ut qui qui nam.', '2016-02-25 11:23:03');
INSERT INTO `messages` (`id`, `from_user_id`, `to_user_id`, `body`, `created_at`) VALUES ('20', '347', '382', 'Sit occaecati corrupti recusandae ea debitis suscipit. Non quia pariatur facere aut nihil. Qui autem corporis recusandae vel.', '1997-12-22 01:58:42');
INSERT INTO `messages` (`id`, `from_user_id`, `to_user_id`, `body`, `created_at`) VALUES ('21', '394', '399', 'Dolorem earum doloremque autem unde necessitatibus. Eaque magnam dolores aliquam quibusdam incidunt doloremque.', '1995-11-08 01:20:34');
INSERT INTO `messages` (`id`, `from_user_id`, `to_user_id`, `body`, `created_at`) VALUES ('22', '357', '277', 'Maxime soluta excepturi voluptates id. Culpa ut quia sequi sit consequuntur expedita sed. Ullam soluta molestiae cum possimus est rerum eos. Libero nulla accusantium aspernatur commodi molestiae cum. Voluptas sint amet accusamus aliquid sunt et soluta.', '1999-10-25 23:13:40');
INSERT INTO `messages` (`id`, `from_user_id`, `to_user_id`, `body`, `created_at`) VALUES ('23', '221', '397', 'Laborum exercitationem cupiditate at ea voluptatem. Architecto inventore facere et.', '2004-02-26 04:42:52');
INSERT INTO `messages` (`id`, `from_user_id`, `to_user_id`, `body`, `created_at`) VALUES ('24', '235', '325', 'Quod tempora consectetur ratione velit cupiditate nam quibusdam. Quis fuga a pariatur et. Sint incidunt beatae tempore quasi quo aut.', '1974-02-07 11:26:12');
INSERT INTO `messages` (`id`, `from_user_id`, `to_user_id`, `body`, `created_at`) VALUES ('25', '209', '297', 'Consequatur ratione blanditiis delectus corrupti nam sit. Tempore labore adipisci velit eos sint nisi eveniet. Porro voluptates eos ut distinctio dolores et. Ut nam illo et error aut molestiae.', '2016-06-15 03:03:31');
INSERT INTO `messages` (`id`, `from_user_id`, `to_user_id`, `body`, `created_at`) VALUES ('26', '392', '235', 'Earum non aperiam eum voluptatem eaque voluptatum inventore. Explicabo ut odit eveniet id. Quia voluptatibus qui quo aliquam.', '1986-03-26 17:47:47');
INSERT INTO `messages` (`id`, `from_user_id`, `to_user_id`, `body`, `created_at`) VALUES ('27', '263', '339', 'Corrupti ut et distinctio enim omnis molestiae quia. Unde maiores ipsum voluptatibus cumque maxime. At blanditiis sit officia blanditiis pariatur autem. Doloremque optio voluptatem dolor in voluptatem modi non.', '2015-11-05 16:50:08');
INSERT INTO `messages` (`id`, `from_user_id`, `to_user_id`, `body`, `created_at`) VALUES ('28', '338', '232', 'Consequatur autem aut numquam consequuntur ut. Rerum exercitationem officiis excepturi perferendis quisquam quia. Amet modi odio vel est.', '1978-10-10 06:24:59');
INSERT INTO `messages` (`id`, `from_user_id`, `to_user_id`, `body`, `created_at`) VALUES ('29', '244', '364', 'Minima placeat molestiae illo. Quis ratione est earum dolorum animi. Eos consequatur tempore velit consequatur soluta ad. Maxime sint aut deleniti aut ullam odit.', '2007-09-29 09:54:09');
INSERT INTO `messages` (`id`, `from_user_id`, `to_user_id`, `body`, `created_at`) VALUES ('30', '338', '321', 'Reprehenderit rerum et perferendis ut. Eveniet quidem quis quam est. Iste asperiores aliquam corporis mollitia libero sint. Aut sunt molestiae earum cupiditate.', '2012-08-28 01:33:21');
INSERT INTO `messages` (`id`, `from_user_id`, `to_user_id`, `body`, `created_at`) VALUES ('31', '265', '276', 'Et et voluptate voluptatum dignissimos occaecati maxime. Nemo nihil molestias soluta et necessitatibus eius et. Rerum molestiae atque neque velit.', '2012-01-31 18:11:57');
INSERT INTO `messages` (`id`, `from_user_id`, `to_user_id`, `body`, `created_at`) VALUES ('32', '212', '394', 'Fugiat et sit ea consequatur. Ut aut magnam dolorem iusto aspernatur doloremque. Accusantium labore ut voluptatum repudiandae hic in alias. Natus sit sunt quo eum illo.', '1985-06-15 21:44:14');
INSERT INTO `messages` (`id`, `from_user_id`, `to_user_id`, `body`, `created_at`) VALUES ('33', '297', '397', 'Quas consequatur est sunt reprehenderit dolores ratione. Voluptates quo repellendus eius quisquam. Nihil incidunt autem quos vel in enim.', '1980-02-17 17:26:11');
INSERT INTO `messages` (`id`, `from_user_id`, `to_user_id`, `body`, `created_at`) VALUES ('34', '218', '396', 'Fuga reiciendis facere hic distinctio quo rerum. Inventore amet quis fugiat laboriosam veritatis dignissimos necessitatibus. Voluptatibus eveniet ea voluptas eum. Consequuntur omnis omnis consequatur id corporis.', '2004-04-08 13:03:52');
INSERT INTO `messages` (`id`, `from_user_id`, `to_user_id`, `body`, `created_at`) VALUES ('35', '227', '360', 'Beatae nemo deserunt consequuntur quo. Culpa est temporibus cum libero qui mollitia fugit. Delectus et excepturi enim magni saepe et aut sed. Cumque rerum omnis aperiam quia.', '1995-01-05 01:32:14');
INSERT INTO `messages` (`id`, `from_user_id`, `to_user_id`, `body`, `created_at`) VALUES ('36', '375', '218', 'Nobis sapiente nemo dicta quia. Consequatur voluptatem minus autem molestias qui.', '1976-01-10 14:04:08');
INSERT INTO `messages` (`id`, `from_user_id`, `to_user_id`, `body`, `created_at`) VALUES ('37', '360', '328', 'Hic qui eius id corporis. Dolorem exercitationem debitis in a. Et nisi sed recusandae recusandae.', '2004-01-28 11:28:14');
INSERT INTO `messages` (`id`, `from_user_id`, `to_user_id`, `body`, `created_at`) VALUES ('38', '299', '380', 'Sint aspernatur vero eligendi alias ea veritatis nobis. Nemo molestiae autem velit quis nam autem ea. Voluptatibus ut similique quasi qui aut. Id nihil quo dicta nobis saepe.', '1993-12-21 02:58:40');
INSERT INTO `messages` (`id`, `from_user_id`, `to_user_id`, `body`, `created_at`) VALUES ('39', '323', '342', 'Nihil hic numquam praesentium numquam. Inventore nam earum et. Libero sit nihil est similique. Et aut maxime deserunt assumenda accusantium.', '2005-08-20 11:49:44');
INSERT INTO `messages` (`id`, `from_user_id`, `to_user_id`, `body`, `created_at`) VALUES ('40', '297', '337', 'Maiores voluptatum voluptate et. Optio voluptatem facere suscipit quo nisi optio. Libero velit autem voluptatem omnis quo. Odit quas aut veniam.', '1997-04-24 00:32:42');
INSERT INTO `messages` (`id`, `from_user_id`, `to_user_id`, `body`, `created_at`) VALUES ('41', '234', '286', 'Sed et animi vitae sint aut. Et optio adipisci aut rerum fugiat voluptatem est quia. Error reprehenderit ea corrupti tenetur cupiditate rerum voluptatem.', '1978-08-07 01:27:56');
INSERT INTO `messages` (`id`, `from_user_id`, `to_user_id`, `body`, `created_at`) VALUES ('42', '366', '300', 'Tenetur libero ut delectus sed aut. Explicabo qui ut voluptatem aperiam non quibusdam aut. Exercitationem consectetur suscipit nihil veritatis enim atque. Ratione rem nam perspiciatis inventore odio facilis vero.', '2007-11-01 03:39:15');
INSERT INTO `messages` (`id`, `from_user_id`, `to_user_id`, `body`, `created_at`) VALUES ('43', '224', '299', 'Et et quasi iste aut molestiae et eveniet fuga. Minima rem sint iste et odit occaecati est. Ut in ea sint.', '2003-10-14 10:23:34');
INSERT INTO `messages` (`id`, `from_user_id`, `to_user_id`, `body`, `created_at`) VALUES ('44', '337', '265', 'Totam accusantium eum saepe. Expedita et dolor doloremque blanditiis voluptatibus est. Nihil officia quia assumenda minus. In non accusantium dolor blanditiis consequatur maiores sit.', '1982-07-15 13:29:06');
INSERT INTO `messages` (`id`, `from_user_id`, `to_user_id`, `body`, `created_at`) VALUES ('45', '261', '262', 'Reiciendis quis maiores cumque quo enim esse. Consequatur illum impedit ut nulla qui debitis voluptas. Ut quisquam unde inventore voluptas illum animi nulla.', '1981-01-14 03:18:33');
INSERT INTO `messages` (`id`, `from_user_id`, `to_user_id`, `body`, `created_at`) VALUES ('46', '390', '337', 'Dolorum quae molestiae aut fugiat quae id sunt et. Nulla velit et dignissimos facere dolores aperiam. Alias officiis unde nihil fugit deserunt commodi maiores.', '1994-07-02 14:26:31');
INSERT INTO `messages` (`id`, `from_user_id`, `to_user_id`, `body`, `created_at`) VALUES ('47', '350', '201', 'Dicta quia est et et. Nostrum natus quia id soluta est sit. Labore ad dolor eum velit aut quibusdam. Dolores est qui est quaerat fuga aut.', '1977-05-23 02:28:14');
INSERT INTO `messages` (`id`, `from_user_id`, `to_user_id`, `body`, `created_at`) VALUES ('48', '323', '242', 'Sit ut neque animi est aperiam ut. Dicta eveniet minima veniam quae.', '2014-09-05 07:24:57');
INSERT INTO `messages` (`id`, `from_user_id`, `to_user_id`, `body`, `created_at`) VALUES ('49', '398', '342', 'Enim aliquid suscipit laudantium aut perspiciatis exercitationem rerum aut. Sit ducimus omnis vitae enim pariatur aperiam. Ut facere perspiciatis maxime itaque voluptatem illo quo.', '1982-05-19 09:41:23');
INSERT INTO `messages` (`id`, `from_user_id`, `to_user_id`, `body`, `created_at`) VALUES ('50', '237', '225', 'Sunt alias totam voluptate laudantium reprehenderit expedita quaerat. Ad maiores a est porro ipsa. Perspiciatis vel molestiae voluptatem maxime.', '2021-06-28 22:55:52');
INSERT INTO `messages` (`id`, `from_user_id`, `to_user_id`, `body`, `created_at`) VALUES ('51', '294', '211', 'Sit consequatur consequuntur quis nulla. Nulla molestias ad eos ipsam neque. Cupiditate tempora animi necessitatibus at animi vero.', '2019-04-20 18:52:48');
INSERT INTO `messages` (`id`, `from_user_id`, `to_user_id`, `body`, `created_at`) VALUES ('52', '239', '250', 'Pariatur odio labore hic id aperiam accusantium iusto. Vel sit sequi esse recusandae architecto. Sed et nulla quos.', '2015-07-19 18:10:34');
INSERT INTO `messages` (`id`, `from_user_id`, `to_user_id`, `body`, `created_at`) VALUES ('53', '342', '347', 'Et tenetur dolores aut fugit velit. Eos eligendi occaecati vel sit blanditiis. Et distinctio laudantium enim aliquid et voluptatem exercitationem dignissimos.', '2008-02-01 03:51:52');
INSERT INTO `messages` (`id`, `from_user_id`, `to_user_id`, `body`, `created_at`) VALUES ('54', '229', '256', 'Tenetur sit voluptatem velit inventore maxime. Pariatur nostrum corrupti ducimus quo. Quos facilis vel architecto est. Qui non ex dicta quae culpa.', '1996-09-25 11:20:00');
INSERT INTO `messages` (`id`, `from_user_id`, `to_user_id`, `body`, `created_at`) VALUES ('55', '272', '332', 'Quos iste quod voluptatem fuga dolor doloremque voluptates qui. Porro odit debitis aperiam aut dolorum nihil recusandae. Atque quos atque voluptas ipsa dolor earum.', '1972-05-21 20:51:13');
INSERT INTO `messages` (`id`, `from_user_id`, `to_user_id`, `body`, `created_at`) VALUES ('56', '392', '311', 'Est eveniet quo sit mollitia aliquam sunt et reprehenderit. Deleniti beatae veritatis aut nihil perspiciatis. Voluptate facilis expedita numquam eaque et. Commodi ratione vitae rerum sint iusto quis occaecati accusamus.', '1978-01-24 04:08:57');
INSERT INTO `messages` (`id`, `from_user_id`, `to_user_id`, `body`, `created_at`) VALUES ('57', '217', '359', 'Sunt quidem adipisci quibusdam totam deserunt illo ut. Alias sed dolores quae deserunt. Aut nulla quibusdam repellendus delectus minus omnis quia.', '2014-09-06 10:47:03');
INSERT INTO `messages` (`id`, `from_user_id`, `to_user_id`, `body`, `created_at`) VALUES ('58', '212', '237', 'Cumque enim accusamus qui est sapiente incidunt pariatur. Laboriosam cum temporibus veniam harum a reiciendis est. Commodi maiores perferendis recusandae autem tempora sit neque recusandae.', '2013-09-04 21:28:59');
INSERT INTO `messages` (`id`, `from_user_id`, `to_user_id`, `body`, `created_at`) VALUES ('59', '252', '350', 'Doloremque ea soluta officiis maxime illo velit. Accusamus quia quia vero quia omnis. Odit voluptatem sunt iusto voluptatum nihil aut. Aliquid repellendus earum non consequatur voluptatem.', '1998-05-23 01:13:51');
INSERT INTO `messages` (`id`, `from_user_id`, `to_user_id`, `body`, `created_at`) VALUES ('60', '307', '321', 'Vel iure et vitae molestiae. Harum magnam molestias voluptatem sint cupiditate qui reiciendis. Aliquam delectus facilis et possimus. Consequatur nihil ad laborum ipsam.', '1994-09-09 12:09:10');
INSERT INTO `messages` (`id`, `from_user_id`, `to_user_id`, `body`, `created_at`) VALUES ('61', '209', '291', 'Dicta fuga blanditiis sit dolores voluptatum. Nihil inventore dolorem ut commodi nesciunt magni. Consequuntur enim nisi sed quia libero saepe. Natus itaque magni inventore et dicta.', '2004-02-27 00:03:11');
INSERT INTO `messages` (`id`, `from_user_id`, `to_user_id`, `body`, `created_at`) VALUES ('62', '246', '359', 'Voluptates veniam voluptatem illo soluta aut. Quibusdam iusto dolorem qui sunt.', '2000-11-21 11:36:32');
INSERT INTO `messages` (`id`, `from_user_id`, `to_user_id`, `body`, `created_at`) VALUES ('63', '294', '374', 'Quam similique iure aperiam dolores quos. Explicabo dolor qui maiores voluptas. Ea voluptates et placeat ipsa voluptatem est.', '1983-03-24 21:17:49');
INSERT INTO `messages` (`id`, `from_user_id`, `to_user_id`, `body`, `created_at`) VALUES ('64', '399', '289', 'Dolorum voluptatem consequatur nesciunt sint ea libero nobis vel. Rerum laudantium est maxime placeat ea dolorum quae. Expedita blanditiis a qui quia inventore.', '2014-02-26 17:00:34');
INSERT INTO `messages` (`id`, `from_user_id`, `to_user_id`, `body`, `created_at`) VALUES ('65', '309', '237', 'Ratione accusamus voluptatum ab. Est recusandae odio quia aut aut natus dolores rerum. Sequi laudantium necessitatibus a nisi eligendi ut.', '2012-08-05 18:48:39');
INSERT INTO `messages` (`id`, `from_user_id`, `to_user_id`, `body`, `created_at`) VALUES ('66', '315', '205', 'Consequatur esse exercitationem molestias quis esse. Eum aliquid officia iusto. Iure et et quaerat. Enim nihil voluptatem modi odio dolor.', '1993-07-28 19:48:01');
INSERT INTO `messages` (`id`, `from_user_id`, `to_user_id`, `body`, `created_at`) VALUES ('67', '244', '359', 'Aliquam placeat non eum vero sunt enim. Asperiores culpa ab autem perferendis sequi. Inventore non aliquid et similique. Sunt quis qui possimus et sint dolorum.', '1986-03-23 22:53:30');
INSERT INTO `messages` (`id`, `from_user_id`, `to_user_id`, `body`, `created_at`) VALUES ('68', '254', '387', 'Est quos aut veniam sint natus eveniet. Ipsa dicta voluptatem ratione rerum nam repellendus voluptas. Aut expedita id officiis natus repudiandae atque.', '1992-09-13 20:57:49');
INSERT INTO `messages` (`id`, `from_user_id`, `to_user_id`, `body`, `created_at`) VALUES ('69', '297', '280', 'Dolor laboriosam et rem dolor error. Et consectetur vel sed. Maiores sunt praesentium et quisquam perferendis iste.', '1986-03-12 01:38:05');
INSERT INTO `messages` (`id`, `from_user_id`, `to_user_id`, `body`, `created_at`) VALUES ('70', '239', '380', 'Voluptatem dolorem tempore quidem nihil ut. Placeat culpa ea laboriosam natus. Corrupti quisquam ad ducimus possimus. Ut velit nesciunt ducimus corrupti.', '2000-06-06 03:47:29');
INSERT INTO `messages` (`id`, `from_user_id`, `to_user_id`, `body`, `created_at`) VALUES ('71', '212', '232', 'Eligendi voluptatibus in dolorem est ipsum molestiae placeat. Maxime a et facere totam illo qui incidunt. Aut aut hic voluptatem necessitatibus optio eaque explicabo rerum. Id dolores et tempore repellat aperiam eius facilis. Rerum qui quam sit laborum.', '1974-07-14 10:32:07');
INSERT INTO `messages` (`id`, `from_user_id`, `to_user_id`, `body`, `created_at`) VALUES ('72', '286', '229', 'Est rem consequatur et. Iusto mollitia non qui perspiciatis enim ullam. Harum doloribus quidem repellendus temporibus expedita earum fugiat. Eaque exercitationem mollitia ut enim tenetur culpa magni mollitia.', '2017-10-03 08:11:14');
INSERT INTO `messages` (`id`, `from_user_id`, `to_user_id`, `body`, `created_at`) VALUES ('73', '390', '300', 'Consectetur enim rerum qui nihil nesciunt qui mollitia beatae. Consequatur ut doloribus distinctio ullam voluptas blanditiis aut repellat. Est omnis aut incidunt fuga provident commodi repellat. Libero ipsam autem fuga asperiores voluptates quos.', '1973-04-12 04:42:15');
INSERT INTO `messages` (`id`, `from_user_id`, `to_user_id`, `body`, `created_at`) VALUES ('74', '262', '239', 'Culpa corrupti iure soluta error. Ut sequi cum libero magni perferendis saepe sed. Nesciunt voluptatibus expedita sit distinctio nihil accusamus quia. Beatae odio voluptas earum voluptatem. Consectetur et culpa repudiandae quis molestias.', '1989-11-29 14:56:30');
INSERT INTO `messages` (`id`, `from_user_id`, `to_user_id`, `body`, `created_at`) VALUES ('75', '243', '374', 'Quo natus delectus autem quis ad enim. Fugit quibusdam non praesentium et voluptatem soluta voluptas.', '1975-04-30 17:56:48');
INSERT INTO `messages` (`id`, `from_user_id`, `to_user_id`, `body`, `created_at`) VALUES ('76', '361', '254', 'Ut esse mollitia minima reiciendis dignissimos officiis. Alias in similique dolorum ut. Similique hic molestiae cum perferendis nemo. Porro harum magnam eveniet impedit.', '1978-08-01 03:08:36');
INSERT INTO `messages` (`id`, `from_user_id`, `to_user_id`, `body`, `created_at`) VALUES ('77', '262', '209', 'Cumque aut cum saepe rerum similique est. Est molestiae impedit aut.', '1973-04-23 03:08:18');
INSERT INTO `messages` (`id`, `from_user_id`, `to_user_id`, `body`, `created_at`) VALUES ('78', '212', '362', 'Perspiciatis facilis voluptatum corrupti perferendis porro laborum. Voluptates fuga delectus magni provident dolor soluta accusantium ea. Atque voluptatem magnam voluptate dolorem possimus.', '2015-03-06 04:16:41');
INSERT INTO `messages` (`id`, `from_user_id`, `to_user_id`, `body`, `created_at`) VALUES ('79', '386', '211', 'Cumque tempora voluptas rerum aut soluta aut et. Modi quia sit dolorem sed tempore. Maiores velit assumenda dolores quia laborum aliquid. Ipsam autem sunt consequuntur omnis.', '1989-05-03 17:37:14');
INSERT INTO `messages` (`id`, `from_user_id`, `to_user_id`, `body`, `created_at`) VALUES ('80', '247', '287', 'Facilis consequatur eos amet facilis omnis quo inventore. Et eveniet ut corrupti consequatur rerum.', '2018-09-19 08:07:04');
INSERT INTO `messages` (`id`, `from_user_id`, `to_user_id`, `body`, `created_at`) VALUES ('81', '244', '366', 'Ea quia aspernatur voluptatem earum est optio aut qui. Vel dolorem ipsa molestiae ipsa aut eum. Animi et dolores eum dolores.', '1975-03-20 04:50:26');
INSERT INTO `messages` (`id`, `from_user_id`, `to_user_id`, `body`, `created_at`) VALUES ('82', '294', '295', 'Quo quasi minus ut neque. In quisquam unde odit fuga sed. Sit voluptatum tenetur perferendis perferendis labore.', '2005-01-07 00:55:26');
INSERT INTO `messages` (`id`, `from_user_id`, `to_user_id`, `body`, `created_at`) VALUES ('83', '325', '357', 'Deleniti corporis vel temporibus quibusdam quibusdam et. Quia et praesentium nulla in. Quia earum nulla delectus enim eos repellat consequatur.', '1975-07-06 15:21:50');
INSERT INTO `messages` (`id`, `from_user_id`, `to_user_id`, `body`, `created_at`) VALUES ('84', '276', '221', 'Tempora debitis sapiente nihil provident. Ipsam dolores neque aperiam deleniti debitis. Qui soluta sequi quia non omnis et qui.', '2017-01-11 22:35:45');
INSERT INTO `messages` (`id`, `from_user_id`, `to_user_id`, `body`, `created_at`) VALUES ('85', '237', '323', 'Aut voluptatum dolor eos ullam alias. Quisquam libero voluptatibus fugiat. Repudiandae repellendus nihil quidem hic officia dolores.', '1989-07-27 07:18:11');
INSERT INTO `messages` (`id`, `from_user_id`, `to_user_id`, `body`, `created_at`) VALUES ('86', '397', '247', 'Repellat accusamus dolor dolor voluptatum nulla voluptas autem. Totam numquam maiores et asperiores qui similique. Unde in quia consequuntur iure expedita.', '1982-11-23 02:09:46');
INSERT INTO `messages` (`id`, `from_user_id`, `to_user_id`, `body`, `created_at`) VALUES ('87', '357', '277', 'Rerum quaerat est qui. Officia accusantium eveniet quo aut dignissimos atque. Architecto nam delectus dolores et laudantium nam qui laboriosam.', '1992-11-04 22:41:13');
INSERT INTO `messages` (`id`, `from_user_id`, `to_user_id`, `body`, `created_at`) VALUES ('88', '274', '344', 'Corporis est enim illo unde perspiciatis ea recusandae. Dolorem culpa numquam omnis eum culpa. Possimus dicta totam et et minus.', '2008-12-09 03:27:58');
INSERT INTO `messages` (`id`, `from_user_id`, `to_user_id`, `body`, `created_at`) VALUES ('89', '387', '350', 'Id enim deserunt ut et incidunt voluptatem. Nobis eius dolor sit. Nemo qui dolore perspiciatis doloremque. Sequi repudiandae sit vel magni sit temporibus.', '2019-05-13 18:19:16');
INSERT INTO `messages` (`id`, `from_user_id`, `to_user_id`, `body`, `created_at`) VALUES ('90', '382', '232', 'Blanditiis blanditiis dolorum et facere. Omnis sit et suscipit aliquam eos illum dignissimos. Praesentium ea magnam reprehenderit aut. Rerum natus nostrum sed enim.', '2001-08-10 10:54:17');
INSERT INTO `messages` (`id`, `from_user_id`, `to_user_id`, `body`, `created_at`) VALUES ('91', '319', '345', 'Et qui totam eligendi facilis et voluptates et. Nobis sunt reiciendis labore sed quia ea. Praesentium voluptatem officia totam. Eum reprehenderit ea quia eos necessitatibus voluptatem asperiores. Natus enim quasi voluptatum voluptatem.', '1991-05-20 10:58:42');
INSERT INTO `messages` (`id`, `from_user_id`, `to_user_id`, `body`, `created_at`) VALUES ('92', '286', '387', 'Et cumque praesentium earum voluptatem molestiae rerum animi. Harum dolores voluptatem sit aut facere quae. Dolor adipisci odit qui laborum totam est enim.', '1984-02-10 10:55:18');
INSERT INTO `messages` (`id`, `from_user_id`, `to_user_id`, `body`, `created_at`) VALUES ('93', '355', '299', 'Eum placeat officia tempora aspernatur. Qui quis laborum illum. Ipsum pariatur et vel maxime officiis magnam facilis. Veritatis ratione corrupti dolorem sed facere voluptate quo.', '1990-12-01 03:13:11');
INSERT INTO `messages` (`id`, `from_user_id`, `to_user_id`, `body`, `created_at`) VALUES ('94', '349', '335', 'Aut explicabo qui at perferendis nemo sint. Qui nobis inventore provident voluptatem. Voluptatem non optio et quia officia. Consequatur natus quo quidem aut omnis.', '1973-11-18 03:49:17');
INSERT INTO `messages` (`id`, `from_user_id`, `to_user_id`, `body`, `created_at`) VALUES ('95', '310', '396', 'Fugit at consequatur perferendis excepturi ipsam quasi aspernatur. Recusandae dolorem pariatur necessitatibus libero laudantium error.', '2007-02-13 08:18:39');
INSERT INTO `messages` (`id`, `from_user_id`, `to_user_id`, `body`, `created_at`) VALUES ('96', '221', '361', 'Accusamus vero sint nisi aspernatur. Quia rem perspiciatis fuga aut.', '2001-06-08 10:21:15');
INSERT INTO `messages` (`id`, `from_user_id`, `to_user_id`, `body`, `created_at`) VALUES ('97', '361', '312', 'Non sit laudantium vitae veniam rem sunt omnis doloribus. Nulla est voluptas dolores corporis quisquam. Est quibusdam nesciunt est ea nemo et. Aperiam aut voluptatem quia.', '2020-05-16 10:48:18');
INSERT INTO `messages` (`id`, `from_user_id`, `to_user_id`, `body`, `created_at`) VALUES ('98', '254', '276', 'Eos blanditiis quo temporibus et omnis reiciendis. Iure omnis qui voluptatum neque. Hic consectetur sequi earum sunt quas.', '1989-11-27 07:25:26');
INSERT INTO `messages` (`id`, `from_user_id`, `to_user_id`, `body`, `created_at`) VALUES ('99', '263', '342', 'Sed atque autem itaque sunt. Velit voluptas sed voluptatem voluptas doloremque aperiam. A rerum reprehenderit vero pariatur sequi.', '2016-02-21 19:40:22');
INSERT INTO `messages` (`id`, `from_user_id`, `to_user_id`, `body`, `created_at`) VALUES ('100', '300', '302', 'Quasi inventore qui voluptatem ut. Officia ullam quo magni vitae est. Vero molestiae ea omnis totam aliquid nobis facilis. Ut quo nam architecto.', '1979-05-30 10:37:48');


#
# TABLE STRUCTURE FOR: photo_albums
#

DROP TABLE IF EXISTS `photo_albums`;

CREATE TABLE `photo_albums` (
  `id` bigint(20) unsigned NOT NULL AUTO_INCREMENT,
  `name` varchar(255) COLLATE utf8mb4_unicode_ci DEFAULT NULL,
  `user_id` bigint(20) unsigned DEFAULT NULL,
  PRIMARY KEY (`id`),
  UNIQUE KEY `id` (`id`),
  KEY `user_id` (`user_id`),
  CONSTRAINT `photo_albums_ibfk_1` FOREIGN KEY (`user_id`) REFERENCES `users` (`id`)
) ENGINE=InnoDB AUTO_INCREMENT=101 DEFAULT CHARSET=utf8mb4 COLLATE=utf8mb4_unicode_ci;

INSERT INTO `photo_albums` (`id`, `name`, `user_id`) VALUES ('1', 'voluptatum', '201');
INSERT INTO `photo_albums` (`id`, `name`, `user_id`) VALUES ('2', 'et', '202');
INSERT INTO `photo_albums` (`id`, `name`, `user_id`) VALUES ('3', 'vel', '205');
INSERT INTO `photo_albums` (`id`, `name`, `user_id`) VALUES ('4', 'voluptas', '206');
INSERT INTO `photo_albums` (`id`, `name`, `user_id`) VALUES ('5', 'totam', '208');
INSERT INTO `photo_albums` (`id`, `name`, `user_id`) VALUES ('6', 'unde', '209');
INSERT INTO `photo_albums` (`id`, `name`, `user_id`) VALUES ('7', 'exercitationem', '211');
INSERT INTO `photo_albums` (`id`, `name`, `user_id`) VALUES ('8', 'sed', '212');
INSERT INTO `photo_albums` (`id`, `name`, `user_id`) VALUES ('9', 'consequatur', '217');
INSERT INTO `photo_albums` (`id`, `name`, `user_id`) VALUES ('10', 'perspiciatis', '218');
INSERT INTO `photo_albums` (`id`, `name`, `user_id`) VALUES ('11', 'dolor', '220');
INSERT INTO `photo_albums` (`id`, `name`, `user_id`) VALUES ('12', 'voluptatum', '221');
INSERT INTO `photo_albums` (`id`, `name`, `user_id`) VALUES ('13', 'itaque', '224');
INSERT INTO `photo_albums` (`id`, `name`, `user_id`) VALUES ('14', 'dolores', '225');
INSERT INTO `photo_albums` (`id`, `name`, `user_id`) VALUES ('15', 'molestiae', '226');
INSERT INTO `photo_albums` (`id`, `name`, `user_id`) VALUES ('16', 'aut', '227');
INSERT INTO `photo_albums` (`id`, `name`, `user_id`) VALUES ('17', 'qui', '229');
INSERT INTO `photo_albums` (`id`, `name`, `user_id`) VALUES ('18', 'eius', '232');
INSERT INTO `photo_albums` (`id`, `name`, `user_id`) VALUES ('19', 'hic', '233');
INSERT INTO `photo_albums` (`id`, `name`, `user_id`) VALUES ('20', 'id', '234');
INSERT INTO `photo_albums` (`id`, `name`, `user_id`) VALUES ('21', 'dolorem', '235');
INSERT INTO `photo_albums` (`id`, `name`, `user_id`) VALUES ('22', 'totam', '237');
INSERT INTO `photo_albums` (`id`, `name`, `user_id`) VALUES ('23', 'sit', '238');
INSERT INTO `photo_albums` (`id`, `name`, `user_id`) VALUES ('24', 'ea', '239');
INSERT INTO `photo_albums` (`id`, `name`, `user_id`) VALUES ('25', 'et', '241');
INSERT INTO `photo_albums` (`id`, `name`, `user_id`) VALUES ('26', 'asperiores', '242');
INSERT INTO `photo_albums` (`id`, `name`, `user_id`) VALUES ('27', 'est', '243');
INSERT INTO `photo_albums` (`id`, `name`, `user_id`) VALUES ('28', 'animi', '244');
INSERT INTO `photo_albums` (`id`, `name`, `user_id`) VALUES ('29', 'illum', '246');
INSERT INTO `photo_albums` (`id`, `name`, `user_id`) VALUES ('30', 'libero', '247');
INSERT INTO `photo_albums` (`id`, `name`, `user_id`) VALUES ('31', 'perspiciatis', '250');
INSERT INTO `photo_albums` (`id`, `name`, `user_id`) VALUES ('32', 'aperiam', '252');
INSERT INTO `photo_albums` (`id`, `name`, `user_id`) VALUES ('33', 'deserunt', '254');
INSERT INTO `photo_albums` (`id`, `name`, `user_id`) VALUES ('34', 'sed', '256');
INSERT INTO `photo_albums` (`id`, `name`, `user_id`) VALUES ('35', 'rerum', '257');
INSERT INTO `photo_albums` (`id`, `name`, `user_id`) VALUES ('36', 'ad', '258');
INSERT INTO `photo_albums` (`id`, `name`, `user_id`) VALUES ('37', 'qui', '261');
INSERT INTO `photo_albums` (`id`, `name`, `user_id`) VALUES ('38', 'et', '262');
INSERT INTO `photo_albums` (`id`, `name`, `user_id`) VALUES ('39', 'corporis', '263');
INSERT INTO `photo_albums` (`id`, `name`, `user_id`) VALUES ('40', 'neque', '265');
INSERT INTO `photo_albums` (`id`, `name`, `user_id`) VALUES ('41', 'repellendus', '266');
INSERT INTO `photo_albums` (`id`, `name`, `user_id`) VALUES ('42', 'aliquid', '268');
INSERT INTO `photo_albums` (`id`, `name`, `user_id`) VALUES ('43', 'iusto', '270');
INSERT INTO `photo_albums` (`id`, `name`, `user_id`) VALUES ('44', 'ad', '271');
INSERT INTO `photo_albums` (`id`, `name`, `user_id`) VALUES ('45', 'eum', '272');
INSERT INTO `photo_albums` (`id`, `name`, `user_id`) VALUES ('46', 'ut', '274');
INSERT INTO `photo_albums` (`id`, `name`, `user_id`) VALUES ('47', 'unde', '276');
INSERT INTO `photo_albums` (`id`, `name`, `user_id`) VALUES ('48', 'ab', '277');
INSERT INTO `photo_albums` (`id`, `name`, `user_id`) VALUES ('49', 'quis', '278');
INSERT INTO `photo_albums` (`id`, `name`, `user_id`) VALUES ('50', 'laboriosam', '280');
INSERT INTO `photo_albums` (`id`, `name`, `user_id`) VALUES ('51', 'dolor', '286');
INSERT INTO `photo_albums` (`id`, `name`, `user_id`) VALUES ('52', 'adipisci', '287');
INSERT INTO `photo_albums` (`id`, `name`, `user_id`) VALUES ('53', 'omnis', '289');
INSERT INTO `photo_albums` (`id`, `name`, `user_id`) VALUES ('54', 'possimus', '291');
INSERT INTO `photo_albums` (`id`, `name`, `user_id`) VALUES ('55', 'quam', '294');
INSERT INTO `photo_albums` (`id`, `name`, `user_id`) VALUES ('56', 'consequatur', '295');
INSERT INTO `photo_albums` (`id`, `name`, `user_id`) VALUES ('57', 'velit', '297');
INSERT INTO `photo_albums` (`id`, `name`, `user_id`) VALUES ('58', 'est', '299');
INSERT INTO `photo_albums` (`id`, `name`, `user_id`) VALUES ('59', 'aliquam', '300');
INSERT INTO `photo_albums` (`id`, `name`, `user_id`) VALUES ('60', 'adipisci', '302');
INSERT INTO `photo_albums` (`id`, `name`, `user_id`) VALUES ('61', 'sed', '306');
INSERT INTO `photo_albums` (`id`, `name`, `user_id`) VALUES ('62', 'numquam', '307');
INSERT INTO `photo_albums` (`id`, `name`, `user_id`) VALUES ('63', 'harum', '309');
INSERT INTO `photo_albums` (`id`, `name`, `user_id`) VALUES ('64', 'sint', '310');
INSERT INTO `photo_albums` (`id`, `name`, `user_id`) VALUES ('65', 'magnam', '311');
INSERT INTO `photo_albums` (`id`, `name`, `user_id`) VALUES ('66', 'repellendus', '312');
INSERT INTO `photo_albums` (`id`, `name`, `user_id`) VALUES ('67', 'recusandae', '315');
INSERT INTO `photo_albums` (`id`, `name`, `user_id`) VALUES ('68', 'vel', '319');
INSERT INTO `photo_albums` (`id`, `name`, `user_id`) VALUES ('69', 'assumenda', '321');
INSERT INTO `photo_albums` (`id`, `name`, `user_id`) VALUES ('70', 'quod', '323');
INSERT INTO `photo_albums` (`id`, `name`, `user_id`) VALUES ('71', 'consectetur', '325');
INSERT INTO `photo_albums` (`id`, `name`, `user_id`) VALUES ('72', 'rerum', '326');
INSERT INTO `photo_albums` (`id`, `name`, `user_id`) VALUES ('73', 'rem', '328');
INSERT INTO `photo_albums` (`id`, `name`, `user_id`) VALUES ('74', 'eligendi', '332');
INSERT INTO `photo_albums` (`id`, `name`, `user_id`) VALUES ('75', 'atque', '335');
INSERT INTO `photo_albums` (`id`, `name`, `user_id`) VALUES ('76', 'et', '337');
INSERT INTO `photo_albums` (`id`, `name`, `user_id`) VALUES ('77', 'corporis', '338');
INSERT INTO `photo_albums` (`id`, `name`, `user_id`) VALUES ('78', 'autem', '339');
INSERT INTO `photo_albums` (`id`, `name`, `user_id`) VALUES ('79', 'omnis', '342');
INSERT INTO `photo_albums` (`id`, `name`, `user_id`) VALUES ('80', 'porro', '344');
INSERT INTO `photo_albums` (`id`, `name`, `user_id`) VALUES ('81', 'non', '345');
INSERT INTO `photo_albums` (`id`, `name`, `user_id`) VALUES ('82', 'molestiae', '347');
INSERT INTO `photo_albums` (`id`, `name`, `user_id`) VALUES ('83', 'voluptatem', '349');
INSERT INTO `photo_albums` (`id`, `name`, `user_id`) VALUES ('84', 'dolor', '350');
INSERT INTO `photo_albums` (`id`, `name`, `user_id`) VALUES ('85', 'molestias', '352');
INSERT INTO `photo_albums` (`id`, `name`, `user_id`) VALUES ('86', 'sit', '355');
INSERT INTO `photo_albums` (`id`, `name`, `user_id`) VALUES ('87', 'aut', '356');
INSERT INTO `photo_albums` (`id`, `name`, `user_id`) VALUES ('88', 'nesciunt', '357');
INSERT INTO `photo_albums` (`id`, `name`, `user_id`) VALUES ('89', 'non', '358');
INSERT INTO `photo_albums` (`id`, `name`, `user_id`) VALUES ('90', 'ut', '359');
INSERT INTO `photo_albums` (`id`, `name`, `user_id`) VALUES ('91', 'est', '360');
INSERT INTO `photo_albums` (`id`, `name`, `user_id`) VALUES ('92', 'quaerat', '361');
INSERT INTO `photo_albums` (`id`, `name`, `user_id`) VALUES ('93', 'ea', '362');
INSERT INTO `photo_albums` (`id`, `name`, `user_id`) VALUES ('94', 'dolores', '364');
INSERT INTO `photo_albums` (`id`, `name`, `user_id`) VALUES ('95', 'iusto', '365');
INSERT INTO `photo_albums` (`id`, `name`, `user_id`) VALUES ('96', 'impedit', '366');
INSERT INTO `photo_albums` (`id`, `name`, `user_id`) VALUES ('97', 'ipsa', '367');
INSERT INTO `photo_albums` (`id`, `name`, `user_id`) VALUES ('98', 'veritatis', '368');
INSERT INTO `photo_albums` (`id`, `name`, `user_id`) VALUES ('99', 'animi', '374');
INSERT INTO `photo_albums` (`id`, `name`, `user_id`) VALUES ('100', 'rem', '375');


#
# TABLE STRUCTURE FOR: photos
#

DROP TABLE IF EXISTS `photos`;

CREATE TABLE `photos` (
  `id` bigint(20) unsigned NOT NULL AUTO_INCREMENT,
  `album_id` bigint(20) unsigned DEFAULT NULL,
  `media_id` bigint(20) unsigned NOT NULL,
  UNIQUE KEY `id` (`id`),
  KEY `album_id` (`album_id`),
  KEY `media_id` (`media_id`),
  CONSTRAINT `photos_ibfk_1` FOREIGN KEY (`album_id`) REFERENCES `photo_albums` (`id`),
  CONSTRAINT `photos_ibfk_2` FOREIGN KEY (`media_id`) REFERENCES `media` (`id`)
) ENGINE=InnoDB AUTO_INCREMENT=101 DEFAULT CHARSET=utf8mb4 COLLATE=utf8mb4_unicode_ci;

INSERT INTO `photos` (`id`, `album_id`, `media_id`) VALUES ('1', '1', '1');
INSERT INTO `photos` (`id`, `album_id`, `media_id`) VALUES ('2', '2', '2');
INSERT INTO `photos` (`id`, `album_id`, `media_id`) VALUES ('3', '3', '3');
INSERT INTO `photos` (`id`, `album_id`, `media_id`) VALUES ('4', '4', '4');
INSERT INTO `photos` (`id`, `album_id`, `media_id`) VALUES ('5', '5', '5');
INSERT INTO `photos` (`id`, `album_id`, `media_id`) VALUES ('6', '6', '6');
INSERT INTO `photos` (`id`, `album_id`, `media_id`) VALUES ('7', '7', '7');
INSERT INTO `photos` (`id`, `album_id`, `media_id`) VALUES ('8', '8', '8');
INSERT INTO `photos` (`id`, `album_id`, `media_id`) VALUES ('9', '9', '9');
INSERT INTO `photos` (`id`, `album_id`, `media_id`) VALUES ('10', '10', '10');
INSERT INTO `photos` (`id`, `album_id`, `media_id`) VALUES ('11', '11', '11');
INSERT INTO `photos` (`id`, `album_id`, `media_id`) VALUES ('12', '12', '12');
INSERT INTO `photos` (`id`, `album_id`, `media_id`) VALUES ('13', '13', '13');
INSERT INTO `photos` (`id`, `album_id`, `media_id`) VALUES ('14', '14', '14');
INSERT INTO `photos` (`id`, `album_id`, `media_id`) VALUES ('15', '15', '15');
INSERT INTO `photos` (`id`, `album_id`, `media_id`) VALUES ('16', '16', '16');
INSERT INTO `photos` (`id`, `album_id`, `media_id`) VALUES ('17', '17', '17');
INSERT INTO `photos` (`id`, `album_id`, `media_id`) VALUES ('18', '18', '18');
INSERT INTO `photos` (`id`, `album_id`, `media_id`) VALUES ('19', '19', '19');
INSERT INTO `photos` (`id`, `album_id`, `media_id`) VALUES ('20', '20', '20');
INSERT INTO `photos` (`id`, `album_id`, `media_id`) VALUES ('21', '21', '21');
INSERT INTO `photos` (`id`, `album_id`, `media_id`) VALUES ('22', '22', '22');
INSERT INTO `photos` (`id`, `album_id`, `media_id`) VALUES ('23', '23', '23');
INSERT INTO `photos` (`id`, `album_id`, `media_id`) VALUES ('24', '24', '24');
INSERT INTO `photos` (`id`, `album_id`, `media_id`) VALUES ('25', '25', '25');
INSERT INTO `photos` (`id`, `album_id`, `media_id`) VALUES ('26', '26', '26');
INSERT INTO `photos` (`id`, `album_id`, `media_id`) VALUES ('27', '27', '27');
INSERT INTO `photos` (`id`, `album_id`, `media_id`) VALUES ('28', '28', '28');
INSERT INTO `photos` (`id`, `album_id`, `media_id`) VALUES ('29', '29', '29');
INSERT INTO `photos` (`id`, `album_id`, `media_id`) VALUES ('30', '30', '30');
INSERT INTO `photos` (`id`, `album_id`, `media_id`) VALUES ('31', '31', '31');
INSERT INTO `photos` (`id`, `album_id`, `media_id`) VALUES ('32', '32', '32');
INSERT INTO `photos` (`id`, `album_id`, `media_id`) VALUES ('33', '33', '33');
INSERT INTO `photos` (`id`, `album_id`, `media_id`) VALUES ('34', '34', '34');
INSERT INTO `photos` (`id`, `album_id`, `media_id`) VALUES ('35', '35', '35');
INSERT INTO `photos` (`id`, `album_id`, `media_id`) VALUES ('36', '36', '36');
INSERT INTO `photos` (`id`, `album_id`, `media_id`) VALUES ('37', '37', '37');
INSERT INTO `photos` (`id`, `album_id`, `media_id`) VALUES ('38', '38', '38');
INSERT INTO `photos` (`id`, `album_id`, `media_id`) VALUES ('39', '39', '39');
INSERT INTO `photos` (`id`, `album_id`, `media_id`) VALUES ('40', '40', '40');
INSERT INTO `photos` (`id`, `album_id`, `media_id`) VALUES ('41', '41', '41');
INSERT INTO `photos` (`id`, `album_id`, `media_id`) VALUES ('42', '42', '42');
INSERT INTO `photos` (`id`, `album_id`, `media_id`) VALUES ('43', '43', '43');
INSERT INTO `photos` (`id`, `album_id`, `media_id`) VALUES ('44', '44', '44');
INSERT INTO `photos` (`id`, `album_id`, `media_id`) VALUES ('45', '45', '45');
INSERT INTO `photos` (`id`, `album_id`, `media_id`) VALUES ('46', '46', '46');
INSERT INTO `photos` (`id`, `album_id`, `media_id`) VALUES ('47', '47', '47');
INSERT INTO `photos` (`id`, `album_id`, `media_id`) VALUES ('48', '48', '48');
INSERT INTO `photos` (`id`, `album_id`, `media_id`) VALUES ('49', '49', '49');
INSERT INTO `photos` (`id`, `album_id`, `media_id`) VALUES ('50', '50', '50');
INSERT INTO `photos` (`id`, `album_id`, `media_id`) VALUES ('51', '51', '51');
INSERT INTO `photos` (`id`, `album_id`, `media_id`) VALUES ('52', '52', '52');
INSERT INTO `photos` (`id`, `album_id`, `media_id`) VALUES ('53', '53', '53');
INSERT INTO `photos` (`id`, `album_id`, `media_id`) VALUES ('54', '54', '54');
INSERT INTO `photos` (`id`, `album_id`, `media_id`) VALUES ('55', '55', '55');
INSERT INTO `photos` (`id`, `album_id`, `media_id`) VALUES ('56', '56', '56');
INSERT INTO `photos` (`id`, `album_id`, `media_id`) VALUES ('57', '57', '57');
INSERT INTO `photos` (`id`, `album_id`, `media_id`) VALUES ('58', '58', '58');
INSERT INTO `photos` (`id`, `album_id`, `media_id`) VALUES ('59', '59', '59');
INSERT INTO `photos` (`id`, `album_id`, `media_id`) VALUES ('60', '60', '60');
INSERT INTO `photos` (`id`, `album_id`, `media_id`) VALUES ('61', '61', '61');
INSERT INTO `photos` (`id`, `album_id`, `media_id`) VALUES ('62', '62', '62');
INSERT INTO `photos` (`id`, `album_id`, `media_id`) VALUES ('63', '63', '63');
INSERT INTO `photos` (`id`, `album_id`, `media_id`) VALUES ('64', '64', '64');
INSERT INTO `photos` (`id`, `album_id`, `media_id`) VALUES ('65', '65', '65');
INSERT INTO `photos` (`id`, `album_id`, `media_id`) VALUES ('66', '66', '66');
INSERT INTO `photos` (`id`, `album_id`, `media_id`) VALUES ('67', '67', '67');
INSERT INTO `photos` (`id`, `album_id`, `media_id`) VALUES ('68', '68', '68');
INSERT INTO `photos` (`id`, `album_id`, `media_id`) VALUES ('69', '69', '69');
INSERT INTO `photos` (`id`, `album_id`, `media_id`) VALUES ('70', '70', '70');
INSERT INTO `photos` (`id`, `album_id`, `media_id`) VALUES ('71', '71', '71');
INSERT INTO `photos` (`id`, `album_id`, `media_id`) VALUES ('72', '72', '72');
INSERT INTO `photos` (`id`, `album_id`, `media_id`) VALUES ('73', '73', '73');
INSERT INTO `photos` (`id`, `album_id`, `media_id`) VALUES ('74', '74', '74');
INSERT INTO `photos` (`id`, `album_id`, `media_id`) VALUES ('75', '75', '75');
INSERT INTO `photos` (`id`, `album_id`, `media_id`) VALUES ('76', '76', '76');
INSERT INTO `photos` (`id`, `album_id`, `media_id`) VALUES ('77', '77', '77');
INSERT INTO `photos` (`id`, `album_id`, `media_id`) VALUES ('78', '78', '78');
INSERT INTO `photos` (`id`, `album_id`, `media_id`) VALUES ('79', '79', '79');
INSERT INTO `photos` (`id`, `album_id`, `media_id`) VALUES ('80', '80', '80');
INSERT INTO `photos` (`id`, `album_id`, `media_id`) VALUES ('81', '81', '81');
INSERT INTO `photos` (`id`, `album_id`, `media_id`) VALUES ('82', '82', '82');
INSERT INTO `photos` (`id`, `album_id`, `media_id`) VALUES ('83', '83', '83');
INSERT INTO `photos` (`id`, `album_id`, `media_id`) VALUES ('84', '84', '84');
INSERT INTO `photos` (`id`, `album_id`, `media_id`) VALUES ('85', '85', '85');
INSERT INTO `photos` (`id`, `album_id`, `media_id`) VALUES ('86', '86', '86');
INSERT INTO `photos` (`id`, `album_id`, `media_id`) VALUES ('87', '87', '87');
INSERT INTO `photos` (`id`, `album_id`, `media_id`) VALUES ('88', '88', '88');
INSERT INTO `photos` (`id`, `album_id`, `media_id`) VALUES ('89', '89', '89');
INSERT INTO `photos` (`id`, `album_id`, `media_id`) VALUES ('90', '90', '90');
INSERT INTO `photos` (`id`, `album_id`, `media_id`) VALUES ('91', '91', '91');
INSERT INTO `photos` (`id`, `album_id`, `media_id`) VALUES ('92', '92', '92');
INSERT INTO `photos` (`id`, `album_id`, `media_id`) VALUES ('93', '93', '93');
INSERT INTO `photos` (`id`, `album_id`, `media_id`) VALUES ('94', '94', '94');
INSERT INTO `photos` (`id`, `album_id`, `media_id`) VALUES ('95', '95', '95');
INSERT INTO `photos` (`id`, `album_id`, `media_id`) VALUES ('96', '96', '96');
INSERT INTO `photos` (`id`, `album_id`, `media_id`) VALUES ('97', '97', '97');
INSERT INTO `photos` (`id`, `album_id`, `media_id`) VALUES ('98', '98', '98');
INSERT INTO `photos` (`id`, `album_id`, `media_id`) VALUES ('99', '99', '99');
INSERT INTO `photos` (`id`, `album_id`, `media_id`) VALUES ('100', '100', '100');


#
# TABLE STRUCTURE FOR: profiles
#

DROP TABLE IF EXISTS `profiles`;

CREATE TABLE `profiles` (
  `user_id` bigint(20) unsigned NOT NULL,
  `gender` char(1) COLLATE utf8mb4_unicode_ci DEFAULT NULL,
  `birthday` date DEFAULT NULL,
  `photo_id` bigint(20) unsigned DEFAULT NULL,
  `created_at` datetime DEFAULT current_timestamp(),
  `hometown` varchar(100) COLLATE utf8mb4_unicode_ci DEFAULT NULL,
  UNIQUE KEY `user_id` (`user_id`),
  CONSTRAINT `fk_user_id` FOREIGN KEY (`user_id`) REFERENCES `users` (`id`) ON DELETE NO ACTION ON UPDATE CASCADE
) ENGINE=InnoDB DEFAULT CHARSET=utf8mb4 COLLATE=utf8mb4_unicode_ci;

INSERT INTO `profiles` (`user_id`, `gender`, `birthday`, `photo_id`, `created_at`, `hometown`) VALUES ('201', 'M', '2007-12-25', '1', '2013-05-30 00:39:03', '6');
INSERT INTO `profiles` (`user_id`, `gender`, `birthday`, `photo_id`, `created_at`, `hometown`) VALUES ('202', 'M', '1972-07-12', '2', '1982-04-13 23:46:05', '5');
INSERT INTO `profiles` (`user_id`, `gender`, `birthday`, `photo_id`, `created_at`, `hometown`) VALUES ('205', 'M', '2010-05-21', '3', '2012-10-01 10:39:28', '6');
INSERT INTO `profiles` (`user_id`, `gender`, `birthday`, `photo_id`, `created_at`, `hometown`) VALUES ('206', 'F', '2000-02-09', '4', '2018-08-06 01:05:44', '8');
INSERT INTO `profiles` (`user_id`, `gender`, `birthday`, `photo_id`, `created_at`, `hometown`) VALUES ('208', 'M', '1994-08-13', '5', '1998-02-02 14:47:12', '5');
INSERT INTO `profiles` (`user_id`, `gender`, `birthday`, `photo_id`, `created_at`, `hometown`) VALUES ('209', 'M', '2004-08-03', '6', '2016-06-02 08:43:02', '3');
INSERT INTO `profiles` (`user_id`, `gender`, `birthday`, `photo_id`, `created_at`, `hometown`) VALUES ('211', 'F', '2005-05-19', '7', '2016-07-06 22:47:45', '9');
INSERT INTO `profiles` (`user_id`, `gender`, `birthday`, `photo_id`, `created_at`, `hometown`) VALUES ('212', 'M', '1998-05-07', '8', '1973-05-16 18:25:37', '2');
INSERT INTO `profiles` (`user_id`, `gender`, `birthday`, `photo_id`, `created_at`, `hometown`) VALUES ('217', 'F', '1985-11-03', '9', '1990-07-26 17:16:10', '1');
INSERT INTO `profiles` (`user_id`, `gender`, `birthday`, `photo_id`, `created_at`, `hometown`) VALUES ('218', 'F', '2019-07-20', '10', '2008-03-20 10:35:11', '7');
INSERT INTO `profiles` (`user_id`, `gender`, `birthday`, `photo_id`, `created_at`, `hometown`) VALUES ('220', 'F', '1989-11-16', '11', '1982-10-01 23:15:15', '2');
INSERT INTO `profiles` (`user_id`, `gender`, `birthday`, `photo_id`, `created_at`, `hometown`) VALUES ('221', 'F', '2007-06-27', '12', '2013-09-30 12:08:22', '9');
INSERT INTO `profiles` (`user_id`, `gender`, `birthday`, `photo_id`, `created_at`, `hometown`) VALUES ('224', 'M', '1973-03-15', '13', '1999-10-05 05:12:00', '5');
INSERT INTO `profiles` (`user_id`, `gender`, `birthday`, `photo_id`, `created_at`, `hometown`) VALUES ('225', 'M', '1988-06-21', '14', '2006-12-22 05:01:26', '6');
INSERT INTO `profiles` (`user_id`, `gender`, `birthday`, `photo_id`, `created_at`, `hometown`) VALUES ('226', 'M', '1986-04-27', '15', '1971-08-06 08:59:03', '5');
INSERT INTO `profiles` (`user_id`, `gender`, `birthday`, `photo_id`, `created_at`, `hometown`) VALUES ('227', 'F', '1995-06-08', '16', '2001-09-03 05:40:12', '4');
INSERT INTO `profiles` (`user_id`, `gender`, `birthday`, `photo_id`, `created_at`, `hometown`) VALUES ('229', 'M', '2000-03-08', '17', '2001-03-24 20:57:40', '2');
INSERT INTO `profiles` (`user_id`, `gender`, `birthday`, `photo_id`, `created_at`, `hometown`) VALUES ('232', 'F', '1970-07-21', '18', '2013-06-02 22:31:24', '3');
INSERT INTO `profiles` (`user_id`, `gender`, `birthday`, `photo_id`, `created_at`, `hometown`) VALUES ('233', 'M', '1998-10-04', '19', '1998-02-08 08:05:02', '6');
INSERT INTO `profiles` (`user_id`, `gender`, `birthday`, `photo_id`, `created_at`, `hometown`) VALUES ('234', 'F', '1980-11-24', '20', '1973-10-09 00:43:20', '2');
INSERT INTO `profiles` (`user_id`, `gender`, `birthday`, `photo_id`, `created_at`, `hometown`) VALUES ('235', 'M', '2013-12-21', '21', '2011-07-11 01:23:56', '8');
INSERT INTO `profiles` (`user_id`, `gender`, `birthday`, `photo_id`, `created_at`, `hometown`) VALUES ('237', 'M', '1976-01-27', '22', '2012-04-12 13:28:40', '3');
INSERT INTO `profiles` (`user_id`, `gender`, `birthday`, `photo_id`, `created_at`, `hometown`) VALUES ('238', 'M', '1984-06-22', '23', '1973-09-08 05:33:54', '7');
INSERT INTO `profiles` (`user_id`, `gender`, `birthday`, `photo_id`, `created_at`, `hometown`) VALUES ('239', 'M', '1998-09-28', '24', '2001-07-30 21:35:54', '6');
INSERT INTO `profiles` (`user_id`, `gender`, `birthday`, `photo_id`, `created_at`, `hometown`) VALUES ('241', 'M', '2010-10-13', '25', '1974-07-12 21:59:44', '1');
INSERT INTO `profiles` (`user_id`, `gender`, `birthday`, `photo_id`, `created_at`, `hometown`) VALUES ('242', 'F', '1974-08-04', '26', '1994-02-19 13:55:58', '2');
INSERT INTO `profiles` (`user_id`, `gender`, `birthday`, `photo_id`, `created_at`, `hometown`) VALUES ('243', 'M', '2008-11-22', '27', '1990-12-06 10:53:46', '8');
INSERT INTO `profiles` (`user_id`, `gender`, `birthday`, `photo_id`, `created_at`, `hometown`) VALUES ('244', 'F', '1987-07-25', '28', '2018-03-27 22:07:36', '4');
INSERT INTO `profiles` (`user_id`, `gender`, `birthday`, `photo_id`, `created_at`, `hometown`) VALUES ('246', 'F', '1987-05-28', '29', '1992-08-11 07:55:24', '4');
INSERT INTO `profiles` (`user_id`, `gender`, `birthday`, `photo_id`, `created_at`, `hometown`) VALUES ('247', 'M', '1971-01-23', '30', '1989-10-12 03:41:35', '9');
INSERT INTO `profiles` (`user_id`, `gender`, `birthday`, `photo_id`, `created_at`, `hometown`) VALUES ('250', 'M', '1971-02-11', '31', '2003-10-12 18:11:54', '4');
INSERT INTO `profiles` (`user_id`, `gender`, `birthday`, `photo_id`, `created_at`, `hometown`) VALUES ('252', 'M', '1987-01-06', '32', '1983-06-15 11:05:50', '2');
INSERT INTO `profiles` (`user_id`, `gender`, `birthday`, `photo_id`, `created_at`, `hometown`) VALUES ('254', 'M', '1998-04-07', '33', '2015-06-23 23:18:48', '8');
INSERT INTO `profiles` (`user_id`, `gender`, `birthday`, `photo_id`, `created_at`, `hometown`) VALUES ('256', 'M', '1973-01-16', '34', '1999-01-13 13:50:44', '7');
INSERT INTO `profiles` (`user_id`, `gender`, `birthday`, `photo_id`, `created_at`, `hometown`) VALUES ('257', 'F', '1970-09-10', '35', '1979-06-05 08:26:35', '6');
INSERT INTO `profiles` (`user_id`, `gender`, `birthday`, `photo_id`, `created_at`, `hometown`) VALUES ('258', 'F', '1976-11-01', '36', '2011-04-07 13:37:57', '7');
INSERT INTO `profiles` (`user_id`, `gender`, `birthday`, `photo_id`, `created_at`, `hometown`) VALUES ('261', 'M', '2021-04-09', '37', '1970-06-08 09:53:15', '2');
INSERT INTO `profiles` (`user_id`, `gender`, `birthday`, `photo_id`, `created_at`, `hometown`) VALUES ('262', 'F', '1992-11-20', '38', '1979-05-09 16:58:24', '3');
INSERT INTO `profiles` (`user_id`, `gender`, `birthday`, `photo_id`, `created_at`, `hometown`) VALUES ('263', 'F', '1996-12-22', '39', '1978-08-22 11:42:27', '8');
INSERT INTO `profiles` (`user_id`, `gender`, `birthday`, `photo_id`, `created_at`, `hometown`) VALUES ('265', 'F', '1980-09-06', '40', '1997-04-30 16:40:22', '6');
INSERT INTO `profiles` (`user_id`, `gender`, `birthday`, `photo_id`, `created_at`, `hometown`) VALUES ('266', 'M', '1994-02-06', '41', '2008-05-15 01:03:26', '6');
INSERT INTO `profiles` (`user_id`, `gender`, `birthday`, `photo_id`, `created_at`, `hometown`) VALUES ('268', 'M', '1981-09-21', '42', '2018-04-23 07:58:15', '5');
INSERT INTO `profiles` (`user_id`, `gender`, `birthday`, `photo_id`, `created_at`, `hometown`) VALUES ('270', 'F', '1995-10-24', '43', '1979-03-03 09:41:45', '8');
INSERT INTO `profiles` (`user_id`, `gender`, `birthday`, `photo_id`, `created_at`, `hometown`) VALUES ('271', 'M', '1991-09-18', '44', '2015-01-19 17:00:14', '2');
INSERT INTO `profiles` (`user_id`, `gender`, `birthday`, `photo_id`, `created_at`, `hometown`) VALUES ('272', 'F', '1971-01-28', '45', '1992-08-04 01:52:20', '3');
INSERT INTO `profiles` (`user_id`, `gender`, `birthday`, `photo_id`, `created_at`, `hometown`) VALUES ('274', 'M', '1982-02-17', '46', '2019-06-30 11:40:25', '8');
INSERT INTO `profiles` (`user_id`, `gender`, `birthday`, `photo_id`, `created_at`, `hometown`) VALUES ('276', 'F', '1991-09-11', '47', '1976-07-14 07:33:35', '7');
INSERT INTO `profiles` (`user_id`, `gender`, `birthday`, `photo_id`, `created_at`, `hometown`) VALUES ('277', 'M', '1998-02-18', '48', '2000-02-11 01:06:53', '4');
INSERT INTO `profiles` (`user_id`, `gender`, `birthday`, `photo_id`, `created_at`, `hometown`) VALUES ('278', 'M', '2002-07-30', '49', '2009-02-25 06:31:36', '1');
INSERT INTO `profiles` (`user_id`, `gender`, `birthday`, `photo_id`, `created_at`, `hometown`) VALUES ('280', 'M', '2009-05-21', '50', '1996-01-03 04:51:18', '1');
INSERT INTO `profiles` (`user_id`, `gender`, `birthday`, `photo_id`, `created_at`, `hometown`) VALUES ('286', 'F', '2020-07-25', '51', '2008-10-11 06:36:14', '1');
INSERT INTO `profiles` (`user_id`, `gender`, `birthday`, `photo_id`, `created_at`, `hometown`) VALUES ('287', 'M', '2021-02-05', '52', '2009-10-27 12:20:15', '3');
INSERT INTO `profiles` (`user_id`, `gender`, `birthday`, `photo_id`, `created_at`, `hometown`) VALUES ('289', 'M', '1977-02-03', '53', '2002-11-22 03:58:20', '4');
INSERT INTO `profiles` (`user_id`, `gender`, `birthday`, `photo_id`, `created_at`, `hometown`) VALUES ('291', 'M', '2002-03-11', '54', '1987-05-24 11:09:22', '4');
INSERT INTO `profiles` (`user_id`, `gender`, `birthday`, `photo_id`, `created_at`, `hometown`) VALUES ('294', 'M', '2016-02-15', '55', '1995-02-01 17:26:19', '5');
INSERT INTO `profiles` (`user_id`, `gender`, `birthday`, `photo_id`, `created_at`, `hometown`) VALUES ('295', 'M', '1972-02-24', '56', '2007-06-02 08:58:52', '2');
INSERT INTO `profiles` (`user_id`, `gender`, `birthday`, `photo_id`, `created_at`, `hometown`) VALUES ('297', 'F', '2006-01-04', '57', '2007-11-30 14:28:48', '7');
INSERT INTO `profiles` (`user_id`, `gender`, `birthday`, `photo_id`, `created_at`, `hometown`) VALUES ('299', 'F', '2020-09-14', '58', '1972-01-02 12:01:18', '7');
INSERT INTO `profiles` (`user_id`, `gender`, `birthday`, `photo_id`, `created_at`, `hometown`) VALUES ('300', 'F', '1988-02-10', '59', '1994-03-19 18:17:45', '8');
INSERT INTO `profiles` (`user_id`, `gender`, `birthday`, `photo_id`, `created_at`, `hometown`) VALUES ('302', 'F', '1991-09-07', '60', '2007-09-23 00:47:36', '6');
INSERT INTO `profiles` (`user_id`, `gender`, `birthday`, `photo_id`, `created_at`, `hometown`) VALUES ('306', 'F', '2009-09-11', '61', '1978-10-22 12:34:33', '8');
INSERT INTO `profiles` (`user_id`, `gender`, `birthday`, `photo_id`, `created_at`, `hometown`) VALUES ('307', 'F', '1988-04-23', '62', '1990-03-07 05:29:14', '6');
INSERT INTO `profiles` (`user_id`, `gender`, `birthday`, `photo_id`, `created_at`, `hometown`) VALUES ('309', 'M', '1986-05-23', '63', '1975-12-21 14:42:14', '4');
INSERT INTO `profiles` (`user_id`, `gender`, `birthday`, `photo_id`, `created_at`, `hometown`) VALUES ('310', 'M', '2010-02-08', '64', '1976-09-27 21:37:03', '5');
INSERT INTO `profiles` (`user_id`, `gender`, `birthday`, `photo_id`, `created_at`, `hometown`) VALUES ('311', 'F', '2017-05-06', '65', '1997-05-23 04:59:51', '1');
INSERT INTO `profiles` (`user_id`, `gender`, `birthday`, `photo_id`, `created_at`, `hometown`) VALUES ('312', 'F', '2000-02-03', '66', '2002-04-04 12:05:41', '5');
INSERT INTO `profiles` (`user_id`, `gender`, `birthday`, `photo_id`, `created_at`, `hometown`) VALUES ('315', 'F', '1988-12-24', '67', '1998-07-19 16:53:25', '2');
INSERT INTO `profiles` (`user_id`, `gender`, `birthday`, `photo_id`, `created_at`, `hometown`) VALUES ('319', 'M', '2014-07-24', '68', '2004-06-28 18:09:35', '5');
INSERT INTO `profiles` (`user_id`, `gender`, `birthday`, `photo_id`, `created_at`, `hometown`) VALUES ('321', 'M', '1994-04-14', '69', '2015-09-02 23:25:06', '4');
INSERT INTO `profiles` (`user_id`, `gender`, `birthday`, `photo_id`, `created_at`, `hometown`) VALUES ('323', 'M', '2020-03-28', '70', '2017-07-07 20:12:21', '6');
INSERT INTO `profiles` (`user_id`, `gender`, `birthday`, `photo_id`, `created_at`, `hometown`) VALUES ('325', 'M', '2001-09-22', '71', '1989-05-14 12:55:17', '4');
INSERT INTO `profiles` (`user_id`, `gender`, `birthday`, `photo_id`, `created_at`, `hometown`) VALUES ('326', 'F', '1993-05-04', '72', '1972-03-12 01:43:34', '6');
INSERT INTO `profiles` (`user_id`, `gender`, `birthday`, `photo_id`, `created_at`, `hometown`) VALUES ('328', 'F', '2007-01-22', '73', '2010-06-26 05:49:58', '4');
INSERT INTO `profiles` (`user_id`, `gender`, `birthday`, `photo_id`, `created_at`, `hometown`) VALUES ('332', 'F', '1994-08-09', '74', '1984-12-26 23:56:17', '7');
INSERT INTO `profiles` (`user_id`, `gender`, `birthday`, `photo_id`, `created_at`, `hometown`) VALUES ('335', 'M', '1987-07-11', '75', '1981-08-09 14:49:47', '3');
INSERT INTO `profiles` (`user_id`, `gender`, `birthday`, `photo_id`, `created_at`, `hometown`) VALUES ('337', 'F', '1975-04-02', '76', '2014-09-23 07:12:43', '8');
INSERT INTO `profiles` (`user_id`, `gender`, `birthday`, `photo_id`, `created_at`, `hometown`) VALUES ('338', 'M', '2007-01-01', '77', '1980-06-12 12:27:05', '1');
INSERT INTO `profiles` (`user_id`, `gender`, `birthday`, `photo_id`, `created_at`, `hometown`) VALUES ('339', 'F', '1979-07-03', '78', '1970-06-22 16:09:43', '9');
INSERT INTO `profiles` (`user_id`, `gender`, `birthday`, `photo_id`, `created_at`, `hometown`) VALUES ('342', 'M', '1993-12-09', '79', '2001-03-20 21:09:39', '7');
INSERT INTO `profiles` (`user_id`, `gender`, `birthday`, `photo_id`, `created_at`, `hometown`) VALUES ('344', 'M', '1978-01-17', '80', '2001-10-30 08:40:07', '1');
INSERT INTO `profiles` (`user_id`, `gender`, `birthday`, `photo_id`, `created_at`, `hometown`) VALUES ('345', 'F', '2019-07-22', '81', '1987-11-24 14:33:24', '8');
INSERT INTO `profiles` (`user_id`, `gender`, `birthday`, `photo_id`, `created_at`, `hometown`) VALUES ('347', 'F', '1973-03-20', '82', '1984-02-19 09:13:35', '1');
INSERT INTO `profiles` (`user_id`, `gender`, `birthday`, `photo_id`, `created_at`, `hometown`) VALUES ('349', 'M', '1990-12-16', '83', '1970-03-16 22:53:26', '8');
INSERT INTO `profiles` (`user_id`, `gender`, `birthday`, `photo_id`, `created_at`, `hometown`) VALUES ('350', 'F', '1975-05-31', '84', '1993-05-14 12:43:20', '4');
INSERT INTO `profiles` (`user_id`, `gender`, `birthday`, `photo_id`, `created_at`, `hometown`) VALUES ('352', 'M', '1993-01-04', '85', '2015-12-07 15:16:45', '9');
INSERT INTO `profiles` (`user_id`, `gender`, `birthday`, `photo_id`, `created_at`, `hometown`) VALUES ('355', 'M', '1978-02-03', '86', '1993-02-10 00:25:07', '2');
INSERT INTO `profiles` (`user_id`, `gender`, `birthday`, `photo_id`, `created_at`, `hometown`) VALUES ('356', 'M', '1981-01-21', '87', '2006-02-25 07:07:16', '1');
INSERT INTO `profiles` (`user_id`, `gender`, `birthday`, `photo_id`, `created_at`, `hometown`) VALUES ('357', 'F', '1977-02-22', '88', '2002-06-12 09:15:01', '2');
INSERT INTO `profiles` (`user_id`, `gender`, `birthday`, `photo_id`, `created_at`, `hometown`) VALUES ('358', 'M', '1973-10-30', '89', '2012-09-15 12:24:12', '7');
INSERT INTO `profiles` (`user_id`, `gender`, `birthday`, `photo_id`, `created_at`, `hometown`) VALUES ('359', 'F', '2010-05-07', '90', '2006-09-24 08:18:05', '4');
INSERT INTO `profiles` (`user_id`, `gender`, `birthday`, `photo_id`, `created_at`, `hometown`) VALUES ('360', 'M', '1978-10-04', '91', '1972-09-30 23:04:03', '3');
INSERT INTO `profiles` (`user_id`, `gender`, `birthday`, `photo_id`, `created_at`, `hometown`) VALUES ('361', 'F', '1995-11-26', '92', '2002-09-18 18:51:51', '8');
INSERT INTO `profiles` (`user_id`, `gender`, `birthday`, `photo_id`, `created_at`, `hometown`) VALUES ('362', 'F', '2007-10-12', '93', '1994-08-23 20:52:33', '5');
INSERT INTO `profiles` (`user_id`, `gender`, `birthday`, `photo_id`, `created_at`, `hometown`) VALUES ('364', 'F', '2020-07-02', '94', '1997-05-23 17:11:51', '2');
INSERT INTO `profiles` (`user_id`, `gender`, `birthday`, `photo_id`, `created_at`, `hometown`) VALUES ('365', 'F', '1971-10-24', '95', '1984-12-31 22:23:33', '7');
INSERT INTO `profiles` (`user_id`, `gender`, `birthday`, `photo_id`, `created_at`, `hometown`) VALUES ('366', 'F', '2009-04-10', '96', '1994-11-23 09:12:13', '6');
INSERT INTO `profiles` (`user_id`, `gender`, `birthday`, `photo_id`, `created_at`, `hometown`) VALUES ('367', 'F', '1972-07-06', '97', '2012-12-24 15:12:44', '8');
INSERT INTO `profiles` (`user_id`, `gender`, `birthday`, `photo_id`, `created_at`, `hometown`) VALUES ('368', 'F', '2018-03-13', '98', '1988-07-06 06:46:53', '3');
INSERT INTO `profiles` (`user_id`, `gender`, `birthday`, `photo_id`, `created_at`, `hometown`) VALUES ('374', 'M', '2001-04-16', '99', '1995-01-23 02:29:31', '8');
INSERT INTO `profiles` (`user_id`, `gender`, `birthday`, `photo_id`, `created_at`, `hometown`) VALUES ('375', 'M', '2006-11-03', '100', '1980-12-21 10:15:03', '5');


#
# TABLE STRUCTURE FOR: user_likes
#

DROP TABLE IF EXISTS `user_likes`;

CREATE TABLE `user_likes` (
  `id` bigint(20) unsigned NOT NULL AUTO_INCREMENT,
  `user1_id` bigint(20) unsigned NOT NULL,
  `user2_id` bigint(20) unsigned NOT NULL,
  `created_at` datetime DEFAULT current_timestamp(),
  PRIMARY KEY (`user1_id`,`user2_id`),
  UNIQUE KEY `id` (`id`),
  KEY `user2_id` (`user2_id`),
  CONSTRAINT `user_likes_ibfk_1` FOREIGN KEY (`user1_id`) REFERENCES `users` (`id`),
  CONSTRAINT `user_likes_ibfk_2` FOREIGN KEY (`user2_id`) REFERENCES `users` (`id`)
) ENGINE=InnoDB AUTO_INCREMENT=31 DEFAULT CHARSET=utf8mb4 COLLATE=utf8mb4_unicode_ci COMMENT='????1 ?????? ???? ?????2';

INSERT INTO `user_likes` (`id`, `user1_id`, `user2_id`, `created_at`) VALUES ('28', '206', '307', '1982-04-16 00:39:24');
INSERT INTO `user_likes` (`id`, `user1_id`, `user2_id`, `created_at`) VALUES ('18', '221', '325', '1976-04-29 16:04:03');
INSERT INTO `user_likes` (`id`, `user1_id`, `user2_id`, `created_at`) VALUES ('27', '237', '237', '1988-07-18 09:47:48');
INSERT INTO `user_likes` (`id`, `user1_id`, `user2_id`, `created_at`) VALUES ('29', '239', '315', '1996-02-03 01:20:04');
INSERT INTO `user_likes` (`id`, `user1_id`, `user2_id`, `created_at`) VALUES ('12', '239', '398', '2018-09-25 08:59:36');
INSERT INTO `user_likes` (`id`, `user1_id`, `user2_id`, `created_at`) VALUES ('24', '243', '349', '1985-02-25 23:28:34');
INSERT INTO `user_likes` (`id`, `user1_id`, `user2_id`, `created_at`) VALUES ('16', '258', '221', '1980-08-19 10:19:23');
INSERT INTO `user_likes` (`id`, `user1_id`, `user2_id`, `created_at`) VALUES ('2', '261', '201', '1989-12-11 06:04:38');
INSERT INTO `user_likes` (`id`, `user1_id`, `user2_id`, `created_at`) VALUES ('23', '261', '277', '1991-12-02 03:10:14');
INSERT INTO `user_likes` (`id`, `user1_id`, `user2_id`, `created_at`) VALUES ('13', '266', '205', '2001-05-21 04:51:45');
INSERT INTO `user_likes` (`id`, `user1_id`, `user2_id`, `created_at`) VALUES ('15', '268', '392', '1988-02-26 18:31:08');
INSERT INTO `user_likes` (`id`, `user1_id`, `user2_id`, `created_at`) VALUES ('9', '274', '227', '1972-08-09 20:33:58');
INSERT INTO `user_likes` (`id`, `user1_id`, `user2_id`, `created_at`) VALUES ('8', '291', '205', '2020-12-25 18:16:30');
INSERT INTO `user_likes` (`id`, `user1_id`, `user2_id`, `created_at`) VALUES ('10', '299', '250', '2008-08-18 17:09:02');
INSERT INTO `user_likes` (`id`, `user1_id`, `user2_id`, `created_at`) VALUES ('11', '300', '287', '1985-04-19 11:52:22');
INSERT INTO `user_likes` (`id`, `user1_id`, `user2_id`, `created_at`) VALUES ('30', '302', '312', '1972-06-16 06:09:57');
INSERT INTO `user_likes` (`id`, `user1_id`, `user2_id`, `created_at`) VALUES ('25', '309', '352', '2009-10-20 03:09:00');
INSERT INTO `user_likes` (`id`, `user1_id`, `user2_id`, `created_at`) VALUES ('14', '309', '398', '2019-03-09 18:30:51');
INSERT INTO `user_likes` (`id`, `user1_id`, `user2_id`, `created_at`) VALUES ('7', '321', '332', '2006-10-01 12:30:43');
INSERT INTO `user_likes` (`id`, `user1_id`, `user2_id`, `created_at`) VALUES ('21', '325', '342', '1973-10-27 17:58:33');
INSERT INTO `user_likes` (`id`, `user1_id`, `user2_id`, `created_at`) VALUES ('1', '352', '381', '1972-12-23 13:11:05');
INSERT INTO `user_likes` (`id`, `user1_id`, `user2_id`, `created_at`) VALUES ('3', '358', '270', '2009-08-19 06:22:29');
INSERT INTO `user_likes` (`id`, `user1_id`, `user2_id`, `created_at`) VALUES ('20', '361', '366', '1988-05-09 21:51:51');
INSERT INTO `user_likes` (`id`, `user1_id`, `user2_id`, `created_at`) VALUES ('4', '366', '237', '1971-09-09 04:49:31');
INSERT INTO `user_likes` (`id`, `user1_id`, `user2_id`, `created_at`) VALUES ('5', '366', '344', '2015-09-08 07:13:17');
INSERT INTO `user_likes` (`id`, `user1_id`, `user2_id`, `created_at`) VALUES ('17', '367', '328', '1972-01-20 21:02:36');
INSERT INTO `user_likes` (`id`, `user1_id`, `user2_id`, `created_at`) VALUES ('6', '380', '225', '2010-11-16 15:02:00');
INSERT INTO `user_likes` (`id`, `user1_id`, `user2_id`, `created_at`) VALUES ('22', '392', '241', '1972-10-28 16:14:37');
INSERT INTO `user_likes` (`id`, `user1_id`, `user2_id`, `created_at`) VALUES ('26', '397', '209', '1981-08-26 21:27:20');
INSERT INTO `user_likes` (`id`, `user1_id`, `user2_id`, `created_at`) VALUES ('19', '399', '389', '2017-04-19 14:19:57');


#
# TABLE STRUCTURE FOR: users
#

DROP TABLE IF EXISTS `users`;

CREATE TABLE `users` (
  `id` bigint(20) unsigned NOT NULL AUTO_INCREMENT,
  `firstname` varchar(50) COLLATE utf8mb4_unicode_ci DEFAULT NULL,
  `lastname` varchar(50) COLLATE utf8mb4_unicode_ci DEFAULT NULL COMMENT '???????',
  `email` varchar(120) COLLATE utf8mb4_unicode_ci DEFAULT NULL,
  `password_hash` varchar(100) COLLATE utf8mb4_unicode_ci DEFAULT NULL,
  `phone` bigint(20) unsigned DEFAULT NULL,
  PRIMARY KEY (`id`),
  UNIQUE KEY `email` (`email`),
  UNIQUE KEY `phone` (`phone`),
  KEY `users_firstname_lastname_idx` (`firstname`,`lastname`)
) ENGINE=InnoDB AUTO_INCREMENT=401 DEFAULT CHARSET=utf8mb4 COLLATE=utf8mb4_unicode_ci COMMENT='?????';

INSERT INTO `users` (`id`, `firstname`, `lastname`, `email`, `password_hash`, `phone`) VALUES ('201', 'Kayden', 'Lowe', 'ybreitenberg@example.com', 'c1abf73f666358c3c42dcfc028ad5592990b15aa', '0');
INSERT INTO `users` (`id`, `firstname`, `lastname`, `email`, `password_hash`, `phone`) VALUES ('202', 'Alfredo', 'Rolfson', 'alexys.jenkins@example.net', '3cd78346d450d46fc268f53dbfbe2e5f1741f130', '5693897874');
INSERT INTO `users` (`id`, `firstname`, `lastname`, `email`, `password_hash`, `phone`) VALUES ('205', 'Anais', 'Wunsch', 'hyman32@example.net', '85a5d23b42672f671df9a3c53f49b98aa96acbd3', '32');
INSERT INTO `users` (`id`, `firstname`, `lastname`, `email`, `password_hash`, `phone`) VALUES ('206', 'Clemmie', 'Russel', 'dayton01@example.net', '24009ce074000a0ebbf8dbfe1bebc2ca489917d8', '674');
INSERT INTO `users` (`id`, `firstname`, `lastname`, `email`, `password_hash`, `phone`) VALUES ('208', 'Felicia', 'Eichmann', 'sophia39@example.org', '58925b91435ba78d814be502257955a15ea8d5d5', '588957');
INSERT INTO `users` (`id`, `firstname`, `lastname`, `email`, `password_hash`, `phone`) VALUES ('209', 'Julianne', 'Kassulke', 'ttorphy@example.com', '3cbc4c7a11d3eac974cf75d25e2bab4771a7e171', '1');
INSERT INTO `users` (`id`, `firstname`, `lastname`, `email`, `password_hash`, `phone`) VALUES ('211', 'Braden', 'Howe', 'alvena.collins@example.com', '9239c6098e3d9cc8d6b2e0984cdc271109d5616b', '924813');
INSERT INTO `users` (`id`, `firstname`, `lastname`, `email`, `password_hash`, `phone`) VALUES ('212', 'Burnice', 'Harris', 'jwest@example.com', '45ab1a45d85572c1a3260bb02adcfb555e45fbb1', '418');
INSERT INTO `users` (`id`, `firstname`, `lastname`, `email`, `password_hash`, `phone`) VALUES ('217', 'Wayne', 'Rohan', 'frobel@example.org', 'c0d6ea0727fcce0a1b603460313308efd916242e', '6635049844');
INSERT INTO `users` (`id`, `firstname`, `lastname`, `email`, `password_hash`, `phone`) VALUES ('218', 'Eriberto', 'Thiel', 'danial34@example.org', '4590326fd61b6ebd83ff58590c291ebb434d8793', '886707');
INSERT INTO `users` (`id`, `firstname`, `lastname`, `email`, `password_hash`, `phone`) VALUES ('220', 'Lula', 'Littel', 'lrice@example.net', 'eb15b85113ff8588f4b023609d8803eaad784b4f', '5234673080');
INSERT INTO `users` (`id`, `firstname`, `lastname`, `email`, `password_hash`, `phone`) VALUES ('221', 'Edmund', 'Harber', 'bdibbert@example.com', 'a6d588b0f1e2661728526ab51b78b5861fac3c40', '5');
INSERT INTO `users` (`id`, `firstname`, `lastname`, `email`, `password_hash`, `phone`) VALUES ('224', 'Lelah', 'Beier', 'ethyl.carter@example.com', 'd8a2399c890546aca9ef12bfe7138a5cbf8140b4', '5563356075');
INSERT INTO `users` (`id`, `firstname`, `lastname`, `email`, `password_hash`, `phone`) VALUES ('225', 'Duane', 'Olson', 'layne69@example.com', '009789518c476283effa7d390d9a7dc91f54187c', '98');
INSERT INTO `users` (`id`, `firstname`, `lastname`, `email`, `password_hash`, `phone`) VALUES ('226', 'Wellington', 'Collins', 'rosie.robel@example.net', '8179bd4a9f3a8bbddf54c978163f0e2998f1e27b', '826');
INSERT INTO `users` (`id`, `firstname`, `lastname`, `email`, `password_hash`, `phone`) VALUES ('227', 'Jayson', 'Cummings', 'paris.greenfelder@example.net', '6c060bbc0ab0cceb49ab962bcb97b762920a9f7c', '1207764506');
INSERT INTO `users` (`id`, `firstname`, `lastname`, `email`, `password_hash`, `phone`) VALUES ('229', 'Magali', 'Russel', 'addie.bernhard@example.net', '39f14cee61b9beb5acf920edebe8a53af3a1736a', '44');
INSERT INTO `users` (`id`, `firstname`, `lastname`, `email`, `password_hash`, `phone`) VALUES ('232', 'Hosea', 'Bogan', 'sporer.heloise@example.net', 'eaf9bb0d69492dd0ddbf4a85a487bda2f51feb28', '713');
INSERT INTO `users` (`id`, `firstname`, `lastname`, `email`, `password_hash`, `phone`) VALUES ('233', 'Annamarie', 'Moen', 'hschultz@example.com', 'ba68e427371a274e5fd3d29ec5852a3f751132ea', '123996');
INSERT INTO `users` (`id`, `firstname`, `lastname`, `email`, `password_hash`, `phone`) VALUES ('234', 'Elena', 'McCullough', 'deven.hegmann@example.net', '56cf87e02396c107e6ba10ec769fa76e612e99f8', '6187848650');
INSERT INTO `users` (`id`, `firstname`, `lastname`, `email`, `password_hash`, `phone`) VALUES ('235', 'Freddy', 'Treutel', 'yturcotte@example.org', 'ace156232bbdf843688613bc4fe84ce601a8dbca', '743');
INSERT INTO `users` (`id`, `firstname`, `lastname`, `email`, `password_hash`, `phone`) VALUES ('237', 'Josie', 'Christiansen', 'xwyman@example.net', '7e36fcff2a74e7b0eb4ebc98a6fce37718c70534', '372');
INSERT INTO `users` (`id`, `firstname`, `lastname`, `email`, `password_hash`, `phone`) VALUES ('238', 'Skylar', 'Haley', 'schamberger.eunice@example.org', '8efba23ed61168b8e6d3af100c7d18d834a06904', '40');
INSERT INTO `users` (`id`, `firstname`, `lastname`, `email`, `password_hash`, `phone`) VALUES ('239', 'Natalie', 'Emard', 'dietrich.christiana@example.org', '97d346ea2b36da166690d3618ea42d7a8bfd44c5', '416');
INSERT INTO `users` (`id`, `firstname`, `lastname`, `email`, `password_hash`, `phone`) VALUES ('241', 'Colt', 'Dickens', 'kenyatta.zulauf@example.com', 'ef9844ad314ad3beb2da66ed98c42541001bd491', '336724');
INSERT INTO `users` (`id`, `firstname`, `lastname`, `email`, `password_hash`, `phone`) VALUES ('242', 'Mariana', 'Russel', 'brakus.zora@example.org', 'c1543a3422325febf43351293541dac9b6395bb1', '215404');
INSERT INTO `users` (`id`, `firstname`, `lastname`, `email`, `password_hash`, `phone`) VALUES ('243', 'Mohamed', 'Balistreri', 'iluettgen@example.org', '78a5d9522dd3c8ba070a88f332daf3a4be64252b', '417657');
INSERT INTO `users` (`id`, `firstname`, `lastname`, `email`, `password_hash`, `phone`) VALUES ('244', 'Jett', 'Reynolds', 'armstrong.cedrick@example.net', '9aa2ef4abcd7cd5b3b9a9958b134fe351a954fd4', '748');
INSERT INTO `users` (`id`, `firstname`, `lastname`, `email`, `password_hash`, `phone`) VALUES ('246', 'Lamont', 'Renner', 'quigley.theresa@example.net', '05c2bdd5ebf1db0e2a97ebe9faf323c2126851a5', '845134');
INSERT INTO `users` (`id`, `firstname`, `lastname`, `email`, `password_hash`, `phone`) VALUES ('247', 'Mossie', 'Romaguera', 'witting.roosevelt@example.com', 'a5ff32cb1cf3cf5984e0f50f380596742f354512', '761');
INSERT INTO `users` (`id`, `firstname`, `lastname`, `email`, `password_hash`, `phone`) VALUES ('250', 'Brian', 'Abshire', 'georgianna.jacobson@example.org', 'c642b2e2135b5c572eb96dd784840ea93662d492', '730');
INSERT INTO `users` (`id`, `firstname`, `lastname`, `email`, `password_hash`, `phone`) VALUES ('252', 'Jodie', 'Schmitt', 'stokes.heloise@example.net', 'b229ceef79af8ce7b4481b6443272608e307a1f8', '891406');
INSERT INTO `users` (`id`, `firstname`, `lastname`, `email`, `password_hash`, `phone`) VALUES ('254', 'Ardella', 'Heathcote', 'nick81@example.net', 'bd39b00de6f019309a495bed7b90a9070cc5a158', '851');
INSERT INTO `users` (`id`, `firstname`, `lastname`, `email`, `password_hash`, `phone`) VALUES ('256', 'Lemuel', 'Hudson', 'nakia23@example.net', '72a43ab2a9678d530aaeb854b44fa880c5ecaf92', '92');
INSERT INTO `users` (`id`, `firstname`, `lastname`, `email`, `password_hash`, `phone`) VALUES ('257', 'Lance', 'Farrell', 'jmills@example.net', '118cff4f2c1908ceeaa92c2bb9796be17021fe62', '949');
INSERT INTO `users` (`id`, `firstname`, `lastname`, `email`, `password_hash`, `phone`) VALUES ('258', 'Zane', 'Heller', 'retha84@example.com', '6f261cb5cbccc892c9a1200d1a0c2404c891e3b7', '247579');
INSERT INTO `users` (`id`, `firstname`, `lastname`, `email`, `password_hash`, `phone`) VALUES ('261', 'Neha', 'Beatty', 'mason42@example.com', '4432e63512443f02c83191143bcbe22c964881a8', '332');
INSERT INTO `users` (`id`, `firstname`, `lastname`, `email`, `password_hash`, `phone`) VALUES ('262', 'Fatima', 'Tremblay', 'abdul25@example.org', '6bdb1e11a684d8d22acf8ae53ea2e7d217c0db12', '8347858772');
INSERT INTO `users` (`id`, `firstname`, `lastname`, `email`, `password_hash`, `phone`) VALUES ('263', 'Floyd', 'Lubowitz', 'morissette.yasmin@example.org', 'b058d5db474f83c3736164b68052eae340a68193', '111');
INSERT INTO `users` (`id`, `firstname`, `lastname`, `email`, `password_hash`, `phone`) VALUES ('265', 'Ari', 'Reilly', 'maximus65@example.net', '0aeeb75f1e1877071d8d4292af2a0d9405d8eddc', '2');
INSERT INTO `users` (`id`, `firstname`, `lastname`, `email`, `password_hash`, `phone`) VALUES ('266', 'Magnus', 'Block', 'kritchie@example.com', '197c686894d8751e1b48b8b30f917575cf945163', '1618823275');
INSERT INTO `users` (`id`, `firstname`, `lastname`, `email`, `password_hash`, `phone`) VALUES ('268', 'Raphaelle', 'Bergnaum', 'krista.herzog@example.net', '5f3396254480847d129c434be0ab75d8f2d7619b', '563');
INSERT INTO `users` (`id`, `firstname`, `lastname`, `email`, `password_hash`, `phone`) VALUES ('270', 'Ines', 'Koepp', 'bryon91@example.com', '5601ffc9822005856e255d830b0058fb41424541', '962');
INSERT INTO `users` (`id`, `firstname`, `lastname`, `email`, `password_hash`, `phone`) VALUES ('271', 'Stewart', 'Heathcote', 'weissnat.xavier@example.com', 'ebe856be4645ac96a4a7c2e8c5cc71aedcd4a606', '661736');
INSERT INTO `users` (`id`, `firstname`, `lastname`, `email`, `password_hash`, `phone`) VALUES ('272', 'Camylle', 'Hand', 'rosalee47@example.com', 'e98e096123ecef794d7077de602174f8272a32cd', '70');
INSERT INTO `users` (`id`, `firstname`, `lastname`, `email`, `password_hash`, `phone`) VALUES ('274', 'Zackery', 'Beatty', 'eulalia.schinner@example.org', 'b894bfd36bf1c7420cb1af6d89cf48cdcda2804b', '359546');
INSERT INTO `users` (`id`, `firstname`, `lastname`, `email`, `password_hash`, `phone`) VALUES ('276', 'Lane', 'Erdman', 'andy.o\'connell@example.net', '93ec6ea187aa0d3c50086f672dbae9135817a5e6', '686');
INSERT INTO `users` (`id`, `firstname`, `lastname`, `email`, `password_hash`, `phone`) VALUES ('277', 'Leone', 'Jast', 'little.bulah@example.org', '539480087156ce45426d7c302e08999932c80195', '878234');
INSERT INTO `users` (`id`, `firstname`, `lastname`, `email`, `password_hash`, `phone`) VALUES ('278', 'Modesto', 'Walker', 'colt75@example.net', '4bc2b1140be4b050dbc73e1bf3cfb0d5ca13208f', '88');
INSERT INTO `users` (`id`, `firstname`, `lastname`, `email`, `password_hash`, `phone`) VALUES ('280', 'Michele', 'Franecki', 'berge.alexander@example.com', 'c73dd22df696cb3bb13942726ea4276db8ad8e32', '98501');
INSERT INTO `users` (`id`, `firstname`, `lastname`, `email`, `password_hash`, `phone`) VALUES ('286', 'Jaida', 'Fahey', 'wmoen@example.org', '55a33824f3378173604b8e8816b7d4e5bc4d845a', '78');
INSERT INTO `users` (`id`, `firstname`, `lastname`, `email`, `password_hash`, `phone`) VALUES ('287', 'Monserrate', 'Adams', 'howell.lois@example.net', '2de247ec3424aac3304b0ee0495edc0219818c10', '927429');
INSERT INTO `users` (`id`, `firstname`, `lastname`, `email`, `password_hash`, `phone`) VALUES ('289', 'Fannie', 'Fay', 'chandler.grimes@example.net', '150dda624f42870f8fdcfc8ced4f666d124c5f21', '830336');
INSERT INTO `users` (`id`, `firstname`, `lastname`, `email`, `password_hash`, `phone`) VALUES ('291', 'Audra', 'Hansen', 'amely.schneider@example.net', '479c0d304b93bed202ddec28adc807aab2c41908', '402150');
INSERT INTO `users` (`id`, `firstname`, `lastname`, `email`, `password_hash`, `phone`) VALUES ('294', 'Zola', 'Funk', 'berge.libbie@example.org', 'f806e6b7459e8989dc238df57a9de35b15b936c4', '349401');
INSERT INTO `users` (`id`, `firstname`, `lastname`, `email`, `password_hash`, `phone`) VALUES ('295', 'Cicero', 'Johnston', 'donnelly.grady@example.org', 'bf6cf76d401851e33af1cc2f78bd203d8118beb7', '297994');
INSERT INTO `users` (`id`, `firstname`, `lastname`, `email`, `password_hash`, `phone`) VALUES ('297', 'Elmo', 'Kling', 'kian67@example.org', 'd6374cab6b784f65f615ef7b392461d3307594cf', '373');
INSERT INTO `users` (`id`, `firstname`, `lastname`, `email`, `password_hash`, `phone`) VALUES ('299', 'Darrin', 'Hackett', 'yaltenwerth@example.com', 'b9cc279c9483d396d86e62ee61de3960816d67a5', '8883108631');
INSERT INTO `users` (`id`, `firstname`, `lastname`, `email`, `password_hash`, `phone`) VALUES ('300', 'Reagan', 'Medhurst', 'tamara81@example.com', '0a5a3e292275f38152124a03844f2401eb02c11e', '558');
INSERT INTO `users` (`id`, `firstname`, `lastname`, `email`, `password_hash`, `phone`) VALUES ('302', 'Myrtis', 'Schneider', 'javier.shields@example.net', 'e7b6a6791d3128df24dfdb84f6e98ba5bf2184bc', '149');
INSERT INTO `users` (`id`, `firstname`, `lastname`, `email`, `password_hash`, `phone`) VALUES ('306', 'Arno', 'Bins', 'vladimir96@example.org', '029ac12039baa16619342820bc6f7cb5a9ccff92', '2676204030');
INSERT INTO `users` (`id`, `firstname`, `lastname`, `email`, `password_hash`, `phone`) VALUES ('307', 'Keegan', 'Stark', 'alyce.braun@example.com', '7de37bdcde012d5c6ff17c1f11d2c42f0cb92617', '583');
INSERT INTO `users` (`id`, `firstname`, `lastname`, `email`, `password_hash`, `phone`) VALUES ('309', 'Tierra', 'Wunsch', 'larissa.schroeder@example.com', 'df12e012b6fae32f66622017039209b18b001b54', '780268');
INSERT INTO `users` (`id`, `firstname`, `lastname`, `email`, `password_hash`, `phone`) VALUES ('310', 'Tressa', 'Block', 'beer.sabryna@example.org', '642e5a41ed1646de335e143b4f4279344db753a2', '302');
INSERT INTO `users` (`id`, `firstname`, `lastname`, `email`, `password_hash`, `phone`) VALUES ('311', 'Griffin', 'Kautzer', 'karelle.rogahn@example.com', 'c70e298b4e86f6ef231e6e197746eb8925c92839', '91217');
INSERT INTO `users` (`id`, `firstname`, `lastname`, `email`, `password_hash`, `phone`) VALUES ('312', 'Davon', 'Gislason', 'qhauck@example.com', 'cf4a3b3b286af2605be2bcf23fb41716050909e8', '699319');
INSERT INTO `users` (`id`, `firstname`, `lastname`, `email`, `password_hash`, `phone`) VALUES ('315', 'Daren', 'Davis', 'danny18@example.com', '3a9c9584268a6e1147c42ac151a9c38ab22acb6d', '1012907022');
INSERT INTO `users` (`id`, `firstname`, `lastname`, `email`, `password_hash`, `phone`) VALUES ('319', 'Houston', 'Tromp', 'npadberg@example.com', '62021bedd8b8ecc69c1e6d62fc97648fecf32dd2', '15');
INSERT INTO `users` (`id`, `firstname`, `lastname`, `email`, `password_hash`, `phone`) VALUES ('321', 'Arturo', 'Considine', 'brisa.strosin@example.org', '70ee9d4535f4c1f2e4f0bad5ec71ffebfbac8546', '3438671280');
INSERT INTO `users` (`id`, `firstname`, `lastname`, `email`, `password_hash`, `phone`) VALUES ('323', 'Geraldine', 'Bayer', 'maverick.stroman@example.org', '6e90034cc038af6bc04e55160960d568e805147e', '7483299601');
INSERT INTO `users` (`id`, `firstname`, `lastname`, `email`, `password_hash`, `phone`) VALUES ('325', 'Angela', 'Hirthe', 'cgoyette@example.net', '13b4c14bab746b733f92d76f87248cd00d4c2431', '369643');
INSERT INTO `users` (`id`, `firstname`, `lastname`, `email`, `password_hash`, `phone`) VALUES ('326', 'Jedediah', 'Hyatt', 'alexzander67@example.com', '1d337ac927728a4f6039e4c307743ae515bc4910', '357');
INSERT INTO `users` (`id`, `firstname`, `lastname`, `email`, `password_hash`, `phone`) VALUES ('328', 'Amelia', 'Hermiston', 'jeff.sporer@example.net', '995b2f7d37bf06cae8aa1e4656dc293a21c4aff4', '936238');
INSERT INTO `users` (`id`, `firstname`, `lastname`, `email`, `password_hash`, `phone`) VALUES ('332', 'Austin', 'Kuhic', 'bschiller@example.org', '73c2583a49e7aa103363259bf18ab82a90a28f59', '62070');
INSERT INTO `users` (`id`, `firstname`, `lastname`, `email`, `password_hash`, `phone`) VALUES ('335', 'Era', 'O\'Kon', 'iosinski@example.org', '6882e73abbf0a4ceb929011afaf0e8cd9409670a', '34');
INSERT INTO `users` (`id`, `firstname`, `lastname`, `email`, `password_hash`, `phone`) VALUES ('337', 'Carmine', 'Mosciski', 'isaiah.marquardt@example.net', 'a0b27d2a8e5cf60f42b711a9bb220b67087c24d5', '7889467981');
INSERT INTO `users` (`id`, `firstname`, `lastname`, `email`, `password_hash`, `phone`) VALUES ('338', 'Shirley', 'Mohr', 'schmeler.benny@example.com', 'e27cdedfe781c3f83d7c548329464eca81e0ea70', '603');
INSERT INTO `users` (`id`, `firstname`, `lastname`, `email`, `password_hash`, `phone`) VALUES ('339', 'Ross', 'Moore', 'aleen27@example.org', '399aa82166e127be823f896bb0da432c4298022d', '23');
INSERT INTO `users` (`id`, `firstname`, `lastname`, `email`, `password_hash`, `phone`) VALUES ('342', 'Ines', 'Wuckert', 'jenkins.josefa@example.com', '31faceeb0c1841029df63a4c6fb43f56cbe0312d', '997');
INSERT INTO `users` (`id`, `firstname`, `lastname`, `email`, `password_hash`, `phone`) VALUES ('344', 'Stanley', 'Funk', 'donny47@example.net', 'd6d9deecb3ce7ff049415e5a355808fe67f81047', '681');
INSERT INTO `users` (`id`, `firstname`, `lastname`, `email`, `password_hash`, `phone`) VALUES ('345', 'Jaylan', 'Grant', 'qlangosh@example.com', 'd44f1c061c3811852eb4e59921f9e0f32391dd0f', '726');
INSERT INTO `users` (`id`, `firstname`, `lastname`, `email`, `password_hash`, `phone`) VALUES ('347', 'Trent', 'Olson', 'haylee.crona@example.org', 'a8abbe73bcf8ae31e6e5ed2eb7ddf31d3164fd08', '284');
INSERT INTO `users` (`id`, `firstname`, `lastname`, `email`, `password_hash`, `phone`) VALUES ('349', 'Betsy', 'Ziemann', 'little.effie@example.net', 'ab89e13a53d50706ff55175a481a321ad3221abb', '475');
INSERT INTO `users` (`id`, `firstname`, `lastname`, `email`, `password_hash`, `phone`) VALUES ('350', 'Monroe', 'Kuphal', 'tpredovic@example.com', 'ea8c27076cc3797a96d54f5d8f00e27412f5eaa0', '56282');
INSERT INTO `users` (`id`, `firstname`, `lastname`, `email`, `password_hash`, `phone`) VALUES ('352', 'Wilson', 'Weber', 'runolfsson.maxime@example.net', 'beb5d44611c69fd0445c2fb6433dec944539e5f4', '155039');
INSERT INTO `users` (`id`, `firstname`, `lastname`, `email`, `password_hash`, `phone`) VALUES ('355', 'Christa', 'Maggio', 'xbergstrom@example.org', '4de0c6012425c76dd804a7e8588eabf47e2302a5', '54');
INSERT INTO `users` (`id`, `firstname`, `lastname`, `email`, `password_hash`, `phone`) VALUES ('356', 'Winifred', 'Prohaska', 'herbert.gaylord@example.org', '707c91b73cf7cf57d66989cdeca91c037c5ad558', '862888');
INSERT INTO `users` (`id`, `firstname`, `lastname`, `email`, `password_hash`, `phone`) VALUES ('357', 'Horacio', 'Zboncak', 'anikolaus@example.net', '5124c53c3e4ecec03b8067bfae52d94865d38590', '42');
INSERT INTO `users` (`id`, `firstname`, `lastname`, `email`, `password_hash`, `phone`) VALUES ('358', 'Lacey', 'Welch', 'marc.stroman@example.com', 'e5d04a141fa1e2f9e044b12754862e175ac75d30', '725');
INSERT INTO `users` (`id`, `firstname`, `lastname`, `email`, `password_hash`, `phone`) VALUES ('359', 'Jamar', 'Beier', 'schimmel.sammie@example.org', 'c4675b00fbefdd319de711db4689158dddff8ed4', '827988');
INSERT INTO `users` (`id`, `firstname`, `lastname`, `email`, `password_hash`, `phone`) VALUES ('360', 'Rozella', 'Kris', 'sallie97@example.org', '2564f8405a11ce35c8570fdb523e50a579bd9a49', '805712');
INSERT INTO `users` (`id`, `firstname`, `lastname`, `email`, `password_hash`, `phone`) VALUES ('361', 'Dean', 'Hane', 'johnson.colton@example.net', '49ffbc2742452f2f96db7242a38f0c1c9db1bcbd', '850');
INSERT INTO `users` (`id`, `firstname`, `lastname`, `email`, `password_hash`, `phone`) VALUES ('362', 'Fidel', 'VonRueden', 'selena.schoen@example.net', 'b93a544cd564f06db026482f5e6bdea13c7e24a1', '493833');
INSERT INTO `users` (`id`, `firstname`, `lastname`, `email`, `password_hash`, `phone`) VALUES ('364', 'Rosalind', 'Kerluke', 'syble36@example.org', '59ab0c7448b8106cd22cc57bb34c9e0bd0b39ceb', '870');
INSERT INTO `users` (`id`, `firstname`, `lastname`, `email`, `password_hash`, `phone`) VALUES ('365', 'Milford', 'Mraz', 'margie51@example.com', '7b6a3222ba13dc6d5e20ff5ec6a9a02bba1c490f', '293');
INSERT INTO `users` (`id`, `firstname`, `lastname`, `email`, `password_hash`, `phone`) VALUES ('366', 'Reed', 'Murazik', 'brielle.pfannerstill@example.org', '588a6757a80f3e8b0d00f3f23db3dfed469a0b89', '7645764525');
INSERT INTO `users` (`id`, `firstname`, `lastname`, `email`, `password_hash`, `phone`) VALUES ('367', 'Hobart', 'Ebert', 'efay@example.com', 'd76f32df760e9715e4efbd9dee05b67989422e22', '389');
INSERT INTO `users` (`id`, `firstname`, `lastname`, `email`, `password_hash`, `phone`) VALUES ('368', 'Eleazar', 'Cummings', 'eileen62@example.org', '26bef890cc52572165ffe208f5535bf0cf4e8139', '25');
INSERT INTO `users` (`id`, `firstname`, `lastname`, `email`, `password_hash`, `phone`) VALUES ('374', 'Camylle', 'McGlynn', 'jimmie80@example.net', '137c8f3928234fa1e236475cb0df4d1a33843a3d', '75');
INSERT INTO `users` (`id`, `firstname`, `lastname`, `email`, `password_hash`, `phone`) VALUES ('375', 'Sienna', 'Gerhold', 'monserrat.toy@example.net', '313dd4eeeca2df46ae49a76f00b6b0b121d895ac', '985559');
INSERT INTO `users` (`id`, `firstname`, `lastname`, `email`, `password_hash`, `phone`) VALUES ('376', 'Lolita', 'Bradtke', 'ervin70@example.com', '39e2cb4c9282e19350f191ebac9ce6e7fdd8d405', '726262');
INSERT INTO `users` (`id`, `firstname`, `lastname`, `email`, `password_hash`, `phone`) VALUES ('380', 'Anabelle', 'Funk', 'clementina76@example.org', 'e56654c919f25b3b753a9d228fd5dd9418ec63f6', '464524');
INSERT INTO `users` (`id`, `firstname`, `lastname`, `email`, `password_hash`, `phone`) VALUES ('381', 'Kareem', 'Hilpert', 'barry.casper@example.net', 'e527130eb7f62378753888fb4361ddf43f31373b', '678651');
INSERT INTO `users` (`id`, `firstname`, `lastname`, `email`, `password_hash`, `phone`) VALUES ('382', 'Landen', 'Beatty', 'hettinger.mireya@example.org', '044d441a83c0504042360fedf2d7c90d6ecadafb', '740');
INSERT INTO `users` (`id`, `firstname`, `lastname`, `email`, `password_hash`, `phone`) VALUES ('386', 'Kira', 'Blanda', 'mavis.smitham@example.net', '4532f26b3f9e9a9164a39390f270a24d1122692c', '169917');
INSERT INTO `users` (`id`, `firstname`, `lastname`, `email`, `password_hash`, `phone`) VALUES ('387', 'Rubie', 'Sipes', 'reese81@example.org', '7fa35ed5dd24c1b22368d0e90a3806019c4b1624', '51');
INSERT INTO `users` (`id`, `firstname`, `lastname`, `email`, `password_hash`, `phone`) VALUES ('389', 'Emile', 'Waters', 'qrippin@example.org', 'fb991e93665b9a5f3f08d51a105511a19d6a7dd5', '759');
INSERT INTO `users` (`id`, `firstname`, `lastname`, `email`, `password_hash`, `phone`) VALUES ('390', 'Ottilie', 'Haley', 'tupton@example.org', '106f97a9aea460f3e3c0f743a183bc0e2a2c196b', '69');
INSERT INTO `users` (`id`, `firstname`, `lastname`, `email`, `password_hash`, `phone`) VALUES ('392', 'Daron', 'Brekke', 'miles41@example.com', 'db606f2d233f9e14573ec888d058baf9cf94f4f0', '751190');
INSERT INTO `users` (`id`, `firstname`, `lastname`, `email`, `password_hash`, `phone`) VALUES ('394', 'Cyrus', 'Schaefer', 'vergie20@example.net', '513e1a24d91f33d8aac7536d5fd2ce3d8f66ce88', '797');
INSERT INTO `users` (`id`, `firstname`, `lastname`, `email`, `password_hash`, `phone`) VALUES ('395', 'Ewell', 'Barton', 'johnson26@example.com', 'aa664b3b4570d6f0d3995384cda78ee666b414a2', '24');
INSERT INTO `users` (`id`, `firstname`, `lastname`, `email`, `password_hash`, `phone`) VALUES ('396', 'Abelardo', 'Parker', 'jmurazik@example.org', 'beef03fa5250d98da492f7bb06002471a8fa79a1', '918367');
INSERT INTO `users` (`id`, `firstname`, `lastname`, `email`, `password_hash`, `phone`) VALUES ('397', 'Adele', 'Ortiz', 'crooks.dereck@example.com', 'f20ad8aa799b33f802691f88598f2868944befe7', '577090');
INSERT INTO `users` (`id`, `firstname`, `lastname`, `email`, `password_hash`, `phone`) VALUES ('398', 'Jessie', 'Lang', 'clemens48@example.org', 'b894a3fb512ee665091ce15982647fb3c9e07c66', '352');
INSERT INTO `users` (`id`, `firstname`, `lastname`, `email`, `password_hash`, `phone`) VALUES ('399', 'Elfrieda', 'Davis', 'bogisich.carolina@example.com', '379784a34d43b7b5c2f0b55fa276028d06327de7', '798');


#
# TABLE STRUCTURE FOR: users_communities
#

DROP TABLE IF EXISTS `users_communities`;

CREATE TABLE `users_communities` (
  `user_id` bigint(20) unsigned NOT NULL,
  `community_id` bigint(20) unsigned NOT NULL,
  PRIMARY KEY (`user_id`,`community_id`),
  KEY `community_id` (`community_id`),
  CONSTRAINT `users_communities_ibfk_1` FOREIGN KEY (`user_id`) REFERENCES `users` (`id`),
  CONSTRAINT `users_communities_ibfk_2` FOREIGN KEY (`community_id`) REFERENCES `communities` (`id`)
) ENGINE=InnoDB DEFAULT CHARSET=utf8mb4 COLLATE=utf8mb4_unicode_ci;

INSERT INTO `users_communities` (`user_id`, `community_id`) VALUES ('201', '1');
INSERT INTO `users_communities` (`user_id`, `community_id`) VALUES ('202', '2');
INSERT INTO `users_communities` (`user_id`, `community_id`) VALUES ('205', '3');
INSERT INTO `users_communities` (`user_id`, `community_id`) VALUES ('206', '4');
INSERT INTO `users_communities` (`user_id`, `community_id`) VALUES ('208', '5');
INSERT INTO `users_communities` (`user_id`, `community_id`) VALUES ('209', '6');
INSERT INTO `users_communities` (`user_id`, `community_id`) VALUES ('211', '7');
INSERT INTO `users_communities` (`user_id`, `community_id`) VALUES ('212', '8');
INSERT INTO `users_communities` (`user_id`, `community_id`) VALUES ('217', '9');
INSERT INTO `users_communities` (`user_id`, `community_id`) VALUES ('218', '10');
INSERT INTO `users_communities` (`user_id`, `community_id`) VALUES ('220', '11');
INSERT INTO `users_communities` (`user_id`, `community_id`) VALUES ('221', '12');
INSERT INTO `users_communities` (`user_id`, `community_id`) VALUES ('224', '13');
INSERT INTO `users_communities` (`user_id`, `community_id`) VALUES ('225', '14');
INSERT INTO `users_communities` (`user_id`, `community_id`) VALUES ('226', '15');
INSERT INTO `users_communities` (`user_id`, `community_id`) VALUES ('227', '16');
INSERT INTO `users_communities` (`user_id`, `community_id`) VALUES ('229', '17');
INSERT INTO `users_communities` (`user_id`, `community_id`) VALUES ('232', '18');
INSERT INTO `users_communities` (`user_id`, `community_id`) VALUES ('233', '19');
INSERT INTO `users_communities` (`user_id`, `community_id`) VALUES ('234', '20');
INSERT INTO `users_communities` (`user_id`, `community_id`) VALUES ('235', '1');
INSERT INTO `users_communities` (`user_id`, `community_id`) VALUES ('237', '2');
INSERT INTO `users_communities` (`user_id`, `community_id`) VALUES ('238', '3');
INSERT INTO `users_communities` (`user_id`, `community_id`) VALUES ('239', '4');
INSERT INTO `users_communities` (`user_id`, `community_id`) VALUES ('241', '5');
INSERT INTO `users_communities` (`user_id`, `community_id`) VALUES ('242', '6');
INSERT INTO `users_communities` (`user_id`, `community_id`) VALUES ('243', '7');
INSERT INTO `users_communities` (`user_id`, `community_id`) VALUES ('244', '8');
INSERT INTO `users_communities` (`user_id`, `community_id`) VALUES ('246', '9');
INSERT INTO `users_communities` (`user_id`, `community_id`) VALUES ('247', '10');
INSERT INTO `users_communities` (`user_id`, `community_id`) VALUES ('250', '11');
INSERT INTO `users_communities` (`user_id`, `community_id`) VALUES ('252', '12');
INSERT INTO `users_communities` (`user_id`, `community_id`) VALUES ('254', '13');
INSERT INTO `users_communities` (`user_id`, `community_id`) VALUES ('256', '14');
INSERT INTO `users_communities` (`user_id`, `community_id`) VALUES ('257', '15');
INSERT INTO `users_communities` (`user_id`, `community_id`) VALUES ('258', '16');
INSERT INTO `users_communities` (`user_id`, `community_id`) VALUES ('261', '17');
INSERT INTO `users_communities` (`user_id`, `community_id`) VALUES ('262', '18');
INSERT INTO `users_communities` (`user_id`, `community_id`) VALUES ('263', '19');
INSERT INTO `users_communities` (`user_id`, `community_id`) VALUES ('265', '20');
INSERT INTO `users_communities` (`user_id`, `community_id`) VALUES ('266', '1');
INSERT INTO `users_communities` (`user_id`, `community_id`) VALUES ('268', '2');
INSERT INTO `users_communities` (`user_id`, `community_id`) VALUES ('270', '3');
INSERT INTO `users_communities` (`user_id`, `community_id`) VALUES ('271', '4');
INSERT INTO `users_communities` (`user_id`, `community_id`) VALUES ('272', '5');
INSERT INTO `users_communities` (`user_id`, `community_id`) VALUES ('274', '6');
INSERT INTO `users_communities` (`user_id`, `community_id`) VALUES ('276', '7');
INSERT INTO `users_communities` (`user_id`, `community_id`) VALUES ('277', '8');
INSERT INTO `users_communities` (`user_id`, `community_id`) VALUES ('278', '9');
INSERT INTO `users_communities` (`user_id`, `community_id`) VALUES ('280', '10');
INSERT INTO `users_communities` (`user_id`, `community_id`) VALUES ('286', '11');
INSERT INTO `users_communities` (`user_id`, `community_id`) VALUES ('287', '12');
INSERT INTO `users_communities` (`user_id`, `community_id`) VALUES ('289', '13');
INSERT INTO `users_communities` (`user_id`, `community_id`) VALUES ('291', '14');
INSERT INTO `users_communities` (`user_id`, `community_id`) VALUES ('294', '15');
INSERT INTO `users_communities` (`user_id`, `community_id`) VALUES ('295', '16');
INSERT INTO `users_communities` (`user_id`, `community_id`) VALUES ('297', '17');
INSERT INTO `users_communities` (`user_id`, `community_id`) VALUES ('299', '18');
INSERT INTO `users_communities` (`user_id`, `community_id`) VALUES ('300', '19');
INSERT INTO `users_communities` (`user_id`, `community_id`) VALUES ('302', '20');
INSERT INTO `users_communities` (`user_id`, `community_id`) VALUES ('306', '1');
INSERT INTO `users_communities` (`user_id`, `community_id`) VALUES ('307', '2');
INSERT INTO `users_communities` (`user_id`, `community_id`) VALUES ('309', '3');
INSERT INTO `users_communities` (`user_id`, `community_id`) VALUES ('310', '4');
INSERT INTO `users_communities` (`user_id`, `community_id`) VALUES ('311', '5');
INSERT INTO `users_communities` (`user_id`, `community_id`) VALUES ('312', '6');
INSERT INTO `users_communities` (`user_id`, `community_id`) VALUES ('315', '7');
INSERT INTO `users_communities` (`user_id`, `community_id`) VALUES ('319', '8');
INSERT INTO `users_communities` (`user_id`, `community_id`) VALUES ('321', '9');
INSERT INTO `users_communities` (`user_id`, `community_id`) VALUES ('323', '10');
INSERT INTO `users_communities` (`user_id`, `community_id`) VALUES ('325', '11');
INSERT INTO `users_communities` (`user_id`, `community_id`) VALUES ('326', '12');
INSERT INTO `users_communities` (`user_id`, `community_id`) VALUES ('328', '13');
INSERT INTO `users_communities` (`user_id`, `community_id`) VALUES ('332', '14');
INSERT INTO `users_communities` (`user_id`, `community_id`) VALUES ('335', '15');
INSERT INTO `users_communities` (`user_id`, `community_id`) VALUES ('337', '16');
INSERT INTO `users_communities` (`user_id`, `community_id`) VALUES ('338', '17');
INSERT INTO `users_communities` (`user_id`, `community_id`) VALUES ('339', '18');
INSERT INTO `users_communities` (`user_id`, `community_id`) VALUES ('342', '19');
INSERT INTO `users_communities` (`user_id`, `community_id`) VALUES ('344', '20');
INSERT INTO `users_communities` (`user_id`, `community_id`) VALUES ('345', '1');
INSERT INTO `users_communities` (`user_id`, `community_id`) VALUES ('347', '2');
INSERT INTO `users_communities` (`user_id`, `community_id`) VALUES ('349', '3');
INSERT INTO `users_communities` (`user_id`, `community_id`) VALUES ('350', '4');
INSERT INTO `users_communities` (`user_id`, `community_id`) VALUES ('352', '5');
INSERT INTO `users_communities` (`user_id`, `community_id`) VALUES ('355', '6');
INSERT INTO `users_communities` (`user_id`, `community_id`) VALUES ('356', '7');
INSERT INTO `users_communities` (`user_id`, `community_id`) VALUES ('357', '8');
INSERT INTO `users_communities` (`user_id`, `community_id`) VALUES ('358', '9');
INSERT INTO `users_communities` (`user_id`, `community_id`) VALUES ('359', '10');
INSERT INTO `users_communities` (`user_id`, `community_id`) VALUES ('360', '11');
INSERT INTO `users_communities` (`user_id`, `community_id`) VALUES ('361', '12');
INSERT INTO `users_communities` (`user_id`, `community_id`) VALUES ('362', '13');
INSERT INTO `users_communities` (`user_id`, `community_id`) VALUES ('364', '14');
INSERT INTO `users_communities` (`user_id`, `community_id`) VALUES ('365', '15');
INSERT INTO `users_communities` (`user_id`, `community_id`) VALUES ('366', '16');
INSERT INTO `users_communities` (`user_id`, `community_id`) VALUES ('367', '17');
INSERT INTO `users_communities` (`user_id`, `community_id`) VALUES ('368', '18');
INSERT INTO `users_communities` (`user_id`, `community_id`) VALUES ('374', '19');
INSERT INTO `users_communities` (`user_id`, `community_id`) VALUES ('375', '20');


